INSERT INTO public.condicion_excepcional (id_condicion_excepcional, nombre) VALUES(1,'ADULTO MAYOR');
INSERT INTO public.condicion_excepcional (id_condicion_excepcional, nombre) VALUES(2,'ADULTO MAYOR -AFRO COLOMBIANO');
INSERT INTO public.condicion_excepcional (id_condicion_excepcional, nombre) VALUES(3,'ADULTO MAYOR -BISEXUAL');
INSERT INTO public.condicion_excepcional (id_condicion_excepcional, nombre) VALUES(4,'ADULTO MAYOR -CON DISCAPACIDAD');
INSERT INTO public.condicion_excepcional (id_condicion_excepcional, nombre) VALUES(5,'ADULTO MAYOR -CON DISCAPACIDAD -INDIGENA');
INSERT INTO public.condicion_excepcional (id_condicion_excepcional, nombre) VALUES(6,'ADULTO MAYOR -CON DISCAPACIDAD -MADRE GESTANTE');
INSERT INTO public.condicion_excepcional (id_condicion_excepcional, nombre) VALUES(7,'ADULTO MAYOR -EXTRANJEROS');
INSERT INTO public.condicion_excepcional (id_condicion_excepcional, nombre) VALUES(8,'ADULTO MAYOR -INDIGENA');
INSERT INTO public.condicion_excepcional (id_condicion_excepcional, nombre) VALUES(9,'ADULTO MAYOR -LESBIANA');
INSERT INTO public.condicion_excepcional (id_condicion_excepcional, nombre) VALUES(10,'ADULTO MAYOR -LESBIANA -TRANSEXUAL');
INSERT INTO public.condicion_excepcional (id_condicion_excepcional, nombre) VALUES(11,'AFRO COLOMBIANO');
INSERT INTO public.condicion_excepcional (id_condicion_excepcional, nombre) VALUES(12,'AFRO COLOMBIANO -BISEXUAL');
INSERT INTO public.condicion_excepcional (id_condicion_excepcional, nombre) VALUES(13,'AFRO COLOMBIANO -BISEXUAL -TRANSEXUAL');
INSERT INTO public.condicion_excepcional (id_condicion_excepcional, nombre) VALUES(14,'AFRO COLOMBIANO -CON DISCAPACIDAD');
INSERT INTO public.condicion_excepcional (id_condicion_excepcional, nombre) VALUES(15,'AFRO COLOMBIANO -EXTRANJEROS');
INSERT INTO public.condicion_excepcional (id_condicion_excepcional, nombre) VALUES(16,'AFRO COLOMBIANO -EXTRANJEROS -LESBIANA -TRANSEXUAL');
INSERT INTO public.condicion_excepcional (id_condicion_excepcional, nombre) VALUES(17,'AFRO COLOMBIANO -GAYS');
INSERT INTO public.condicion_excepcional (id_condicion_excepcional, nombre) VALUES(18,'AFRO COLOMBIANO -INDIGENA');
INSERT INTO public.condicion_excepcional (id_condicion_excepcional, nombre) VALUES(19,'AFRO COLOMBIANO -LESBIANA');
INSERT INTO public.condicion_excepcional (id_condicion_excepcional, nombre) VALUES(20,'AFRO COLOMBIANO -MADRE GESTANTE');
INSERT INTO public.condicion_excepcional (id_condicion_excepcional, nombre) VALUES(21,'AFRO COLOMBIANO -RAIZALES');
INSERT INTO public.condicion_excepcional (id_condicion_excepcional, nombre) VALUES(22,'AFRO COLOMBIANO -TRANSEXUAL');
INSERT INTO public.condicion_excepcional (id_condicion_excepcional, nombre) VALUES(23,'BISEXUAL');
INSERT INTO public.condicion_excepcional (id_condicion_excepcional, nombre) VALUES(24,'BISEXUAL -CON DISCAPACIDAD');
INSERT INTO public.condicion_excepcional (id_condicion_excepcional, nombre) VALUES(25,'BISEXUAL -GAYS');
INSERT INTO public.condicion_excepcional (id_condicion_excepcional, nombre) VALUES(26,'BISEXUAL -INDIGENA');
INSERT INTO public.condicion_excepcional (id_condicion_excepcional, nombre) VALUES(27,'BISEXUAL -LESBIANA');
INSERT INTO public.condicion_excepcional (id_condicion_excepcional, nombre) VALUES(28,'BISEXUAL -TRANSEXUAL');
INSERT INTO public.condicion_excepcional (id_condicion_excepcional, nombre) VALUES(29,'CON DISCAPACIDAD');
INSERT INTO public.condicion_excepcional (id_condicion_excepcional, nombre) VALUES(30,'CON DISCAPACIDAD -EXTRANJEROS');
INSERT INTO public.condicion_excepcional (id_condicion_excepcional, nombre) VALUES(31,'CON DISCAPACIDAD -GAYS');
INSERT INTO public.condicion_excepcional (id_condicion_excepcional, nombre) VALUES(32,'CON DISCAPACIDAD -INDIGENA');
INSERT INTO public.condicion_excepcional (id_condicion_excepcional, nombre) VALUES(33,'CON DISCAPACIDAD -LESBIANA');
INSERT INTO public.condicion_excepcional (id_condicion_excepcional, nombre) VALUES(34,'CON DISCAPACIDAD -ROM');
INSERT INTO public.condicion_excepcional (id_condicion_excepcional, nombre) VALUES(35,'CON DISCAPACIDAD -TRANSEXUAL');
INSERT INTO public.condicion_excepcional (id_condicion_excepcional, nombre) VALUES(36,'EXTRANJEROS');
INSERT INTO public.condicion_excepcional (id_condicion_excepcional, nombre) VALUES(37,'EXTRANJEROS -INDIGENA');
INSERT INTO public.condicion_excepcional (id_condicion_excepcional, nombre) VALUES(38,'GAYS');
INSERT INTO public.condicion_excepcional (id_condicion_excepcional, nombre) VALUES(39,'GAYS -INDIGENA');
INSERT INTO public.condicion_excepcional (id_condicion_excepcional, nombre) VALUES(40,'GAYS -LESBIANA');
INSERT INTO public.condicion_excepcional (id_condicion_excepcional, nombre) VALUES(41,'GAYS -TRANSEXUAL');
INSERT INTO public.condicion_excepcional (id_condicion_excepcional, nombre) VALUES(42,'INDIGENA');
INSERT INTO public.condicion_excepcional (id_condicion_excepcional, nombre) VALUES(43,'INDIGENA -LESBIANA');
INSERT INTO public.condicion_excepcional (id_condicion_excepcional, nombre) VALUES(44,'INTERSEXUAL');
INSERT INTO public.condicion_excepcional (id_condicion_excepcional, nombre) VALUES(45,'LESBIANA');
INSERT INTO public.condicion_excepcional (id_condicion_excepcional, nombre) VALUES(46,'LESBIANA -RAIZALES');
INSERT INTO public.condicion_excepcional (id_condicion_excepcional, nombre) VALUES(47,'LESBIANA -TRANSEXUAL');
INSERT INTO public.condicion_excepcional (id_condicion_excepcional, nombre) VALUES(48,'MADRE GESTANTE');
INSERT INTO public.condicion_excepcional (id_condicion_excepcional, nombre) VALUES(49,'MADRE GESTANTE -MADRE LACTANTE');
INSERT INTO public.condicion_excepcional (id_condicion_excepcional, nombre) VALUES(50,'MADRE LACTANTE');
INSERT INTO public.condicion_excepcional (id_condicion_excepcional, nombre) VALUES(51,'RAIZALES');
INSERT INTO public.condicion_excepcional (id_condicion_excepcional, nombre) VALUES(52,'ROM');
INSERT INTO public.condicion_excepcional (id_condicion_excepcional, nombre) VALUES(53,'TRANSEXUAL');
INSERT INTO public.condicion_excepcional (id_condicion_excepcional, nombre) VALUES(54,'NINGUNO');


INSERT INTO public.titulo_delito (id_titulo_delito, nombre) VALUES(1,'ACCION DE TUTELA');
INSERT INTO public.titulo_delito (id_titulo_delito, nombre) VALUES(2,'CONTRA EL ORDEN ECONOMICO SOCIAL');
INSERT INTO public.titulo_delito (id_titulo_delito, nombre) VALUES(3,'CONTRA EL PATRIMONIO ECONOMICO');
INSERT INTO public.titulo_delito (id_titulo_delito, nombre) VALUES(4,'CONTRA EL REGIMEN CONSTITUCIONAL Y LEGAL');
INSERT INTO public.titulo_delito (id_titulo_delito, nombre) VALUES(5,'CONTRA LA ADMINISTRACION PUBLICA');
INSERT INTO public.titulo_delito (id_titulo_delito, nombre) VALUES(6,'CONTRA LA EFICAZ Y RECTA IMPARTICION DE JUSTICIA');
INSERT INTO public.titulo_delito (id_titulo_delito, nombre) VALUES(7,'CONTRA LA EXISTENCIA Y SEGURIDAD DEL ESTADO');
INSERT INTO public.titulo_delito (id_titulo_delito, nombre) VALUES(8,'CONTRA LA FAMILIA');
INSERT INTO public.titulo_delito (id_titulo_delito, nombre) VALUES(9,'CONTRA LA FE PUBLICA');
INSERT INTO public.titulo_delito (id_titulo_delito, nombre) VALUES(10,'CONTRA LA INTEGRIDAD MORAL');
INSERT INTO public.titulo_delito (id_titulo_delito, nombre) VALUES(11,'CONTRA LA LIBERTAD INDIVIDUAL Y OTRAS GARANTIAS');
INSERT INTO public.titulo_delito (id_titulo_delito, nombre) VALUES(12,'CONTRA LA LIBERTAD INTEGRIDAD Y FORMACION SEXUALES');
INSERT INTO public.titulo_delito (id_titulo_delito, nombre) VALUES(13,'CONTRA LA SALUD PUBLICA');
INSERT INTO public.titulo_delito (id_titulo_delito, nombre) VALUES(14,'CONTRA LA SEGURIDAD PUBLICA');
INSERT INTO public.titulo_delito (id_titulo_delito, nombre) VALUES(15,'CONTRA LA VIDA Y LA INTEGRIDAD PERSONAL');
INSERT INTO public.titulo_delito (id_titulo_delito, nombre) VALUES(16,'CONTRA LOS DERECHOS DE AUTOR');
INSERT INTO public.titulo_delito (id_titulo_delito, nombre) VALUES(17,'CONTRA LOS RECURSOS NATURALES Y EL MEDIO AMBIENTE');
INSERT INTO public.titulo_delito (id_titulo_delito, nombre) VALUES(18,'CONTRA MECANISMOS DE PARTICIPACION DEMOCRATICA');
INSERT INTO public.titulo_delito (id_titulo_delito, nombre) VALUES(19,'CONTRA PERSONAS Y BIENES PROTEGIDOS POR EL DERECHO INTERNACIONAL HUMANITARIO');
INSERT INTO public.titulo_delito (id_titulo_delito, nombre) VALUES(20,'DE LA PROTECCION DE LA INFORMACION Y DE LOS DATOS');
INSERT INTO public.titulo_delito (id_titulo_delito, nombre) VALUES(21,'DELITOS CONTRA EL SERVICIO');
INSERT INTO public.titulo_delito (id_titulo_delito, nombre) VALUES(22,'DELITOS CONTRA LA ADMINISTRACION PUBLICA');
INSERT INTO public.titulo_delito (id_titulo_delito, nombre) VALUES(23,'DELITOS CONTRA LA DISCIPLINA');
INSERT INTO public.titulo_delito (id_titulo_delito, nombre) VALUES(24,'DELITOS DE PARAMILITARISMO Y SICARIATO');
INSERT INTO public.titulo_delito (id_titulo_delito, nombre) VALUES(25,'LEGISLACION INDIGENA');


INSERT INTO public.subtitulo_delito (id_subtitulo_delito, nombre, id_titulo_delito) VALUES(1,'ACCION DE TUTELA', (select id_titulo_delito from public.titulo_delito where nombre = 'ACCION DE TUTELA'));
INSERT INTO public.subtitulo_delito (id_subtitulo_delito, nombre, id_titulo_delito) VALUES(2,'DE LA URBANIZACION ILEGAL', (select id_titulo_delito from public.titulo_delito where nombre = 'CONTRA EL ORDEN ECONOMICO SOCIAL'));
INSERT INTO public.subtitulo_delito (id_subtitulo_delito, nombre, id_titulo_delito) VALUES(3,'DE LA ESTAFA', (select id_titulo_delito from public.titulo_delito where nombre = 'CONTRA EL PATRIMONIO ECONOMICO'));
INSERT INTO public.subtitulo_delito (id_subtitulo_delito, nombre, id_titulo_delito) VALUES(4,'DE LA REBELION SEDICION Y ASONADA', (select id_titulo_delito from public.titulo_delito where nombre = 'CONTRA EL REGIMEN CONSTITUCIONAL Y LEGAL'));
INSERT INTO public.subtitulo_delito (id_subtitulo_delito, nombre, id_titulo_delito) VALUES(5,'DE LA CELEBRACION INDEBIDA DE CONTRATOS', (select id_titulo_delito from public.titulo_delito where nombre = 'CONTRA LA ADMINISTRACION PUBLICA'));
INSERT INTO public.subtitulo_delito (id_subtitulo_delito, nombre, id_titulo_delito) VALUES(6,'DE LA FUGA DE PRESOS', (select id_titulo_delito from public.titulo_delito where nombre = 'CONTRA LA EFICAZ Y RECTA IMPARTICION DE JUSTICIA'));
INSERT INTO public.subtitulo_delito (id_subtitulo_delito, nombre, id_titulo_delito) VALUES(7,'DE LOS DELITOS CONTRA LA SEGURIDAD DEL ESTADO', (select id_titulo_delito from public.titulo_delito where nombre = 'CONTRA LA EXISTENCIA Y SEGURIDAD DEL ESTADO'));
INSERT INTO public.subtitulo_delito (id_subtitulo_delito, nombre, id_titulo_delito) VALUES(8,'DE LA ADOPCION IRREGULAR', (select id_titulo_delito from public.titulo_delito where nombre = 'CONTRA LA FAMILIA'));
INSERT INTO public.subtitulo_delito (id_subtitulo_delito, nombre, id_titulo_delito) VALUES(9,'DE LA FALSEDAD EN DOCUMENTOS', (select id_titulo_delito from public.titulo_delito where nombre = 'CONTRA LA FE PUBLICA'));
INSERT INTO public.subtitulo_delito (id_subtitulo_delito, nombre, id_titulo_delito) VALUES(10,'DE LA INJURIA Y LA CALUMNIA', (select id_titulo_delito from public.titulo_delito where nombre = 'CONTRA LA INTEGRIDAD MORAL'));
INSERT INTO public.subtitulo_delito (id_subtitulo_delito, nombre, id_titulo_delito) VALUES(11,'APODERAMIENTO Y DESVIO DE AERONAVES NAVES O MEDIOS DE TRANSPORTE COLECTIVO', (select id_titulo_delito from public.titulo_delito where nombre = 'CONTRA LA LIBERTAD INDIVIDUAL Y OTRAS GARANTIAS'));
INSERT INTO public.subtitulo_delito (id_subtitulo_delito, nombre, id_titulo_delito) VALUES(12,'DE LA VIOLACION', (select id_titulo_delito from public.titulo_delito where nombre = 'CONTRA LA LIBERTAD INTEGRIDAD Y FORMACION SEXUALES'));
INSERT INTO public.subtitulo_delito (id_subtitulo_delito, nombre, id_titulo_delito) VALUES(13,'DE LAS AFECTACIONES A LA SALUD PUBLICA', (select id_titulo_delito from public.titulo_delito where nombre = 'CONTRA LA SALUD PUBLICA'));
INSERT INTO public.subtitulo_delito (id_subtitulo_delito, nombre, id_titulo_delito) VALUES(14,'DE LOS DELITOS DE PELIGRO COMUN O QUE PUEDEN OCASIONAR GRAVE PERJUICIO PARA LA COMUNIDAD Y OTRAS INFRACCIONES', (select id_titulo_delito from public.titulo_delito where nombre = 'CONTRA LA SEGURIDAD PUBLICA'));
INSERT INTO public.subtitulo_delito (id_subtitulo_delito, nombre, id_titulo_delito) VALUES(15,'DE LA MANIPULACION GENETICA', (select id_titulo_delito from public.titulo_delito where nombre = 'CONTRA LA VIDA Y LA INTEGRIDAD PERSONAL'));
INSERT INTO public.subtitulo_delito (id_subtitulo_delito, nombre, id_titulo_delito) VALUES(16,'DE LA VIOLACIÓN A LOS DERECHOS DE AUTOR LEY 44 DE 1993', (select id_titulo_delito from public.titulo_delito where nombre = 'CONTRA LOS DERECHOS DE AUTOR'));
INSERT INTO public.subtitulo_delito (id_subtitulo_delito, nombre, id_titulo_delito) VALUES(17,'DELITOS CONTRA LOS ANIMALES', (select id_titulo_delito from public.titulo_delito where nombre = 'CONTRA LOS RECURSOS NATURALES Y EL MEDIO AMBIENTE'));
INSERT INTO public.subtitulo_delito (id_subtitulo_delito, nombre, id_titulo_delito) VALUES(18,'DE LA VIOLACION AL EJERCICIO DE MECANISMOS DE PARTICIPACION DEMOCRATICA', (select id_titulo_delito from public.titulo_delito where nombre = 'CONTRA MECANISMOS DE PARTICIPACION DEMOCRATICA'));
INSERT INTO public.subtitulo_delito (id_subtitulo_delito, nombre, id_titulo_delito) VALUES(19,'DELITOS CONTRA PERSONAS Y BIENES PROTEGIDOS POR EL DERECHO INTERNACIONAL HUMANITARIO', (select id_titulo_delito from public.titulo_delito where nombre = 'CONTRA PERSONAS Y BIENES PROTEGIDOS POR EL DERECHO INTERNACIONAL HUMANITARIO'));
INSERT INTO public.subtitulo_delito (id_subtitulo_delito, nombre, id_titulo_delito) VALUES(20,'DE LOS ATENTADOS CONTRA LA CONFIDENCIALIDAD, LA INTEGRIDAD Y LA DISPONIBILIDAD DE LOS DATOS Y DE LOS SISTEMAS INFORMATICOS', (select id_titulo_delito from public.titulo_delito where nombre = 'DE LA PROTECCION DE LA INFORMACION Y DE LOS DATOS'));
INSERT INTO public.subtitulo_delito (id_subtitulo_delito, nombre, id_titulo_delito) VALUES(21,'DE LA DESERCION', (select id_titulo_delito from public.titulo_delito where nombre = 'DELITOS CONTRA EL SERVICIO'));
INSERT INTO public.subtitulo_delito (id_subtitulo_delito, nombre, id_titulo_delito) VALUES(22,'DEL PECULADO', (select id_titulo_delito from public.titulo_delito where nombre = 'DELITOS CONTRA LA ADMINISTRACION PUBLICA'));
INSERT INTO public.subtitulo_delito (id_subtitulo_delito, nombre, id_titulo_delito) VALUES(23,'DE LA DESOBEDIENCIA', (select id_titulo_delito from public.titulo_delito where nombre = 'DELITOS CONTRA LA DISCIPLINA'));
INSERT INTO public.subtitulo_delito (id_subtitulo_delito, nombre, id_titulo_delito) VALUES(24,'DE LA CONFORMACION DE GRUPOS ARMADOS AL MARGEN DE LA LEY', (select id_titulo_delito from public.titulo_delito where nombre = 'DELITOS DE PARAMILITARISMO Y SICARIATO'));
INSERT INTO public.subtitulo_delito (id_subtitulo_delito, nombre, id_titulo_delito) VALUES(25,'DE LA CORRUPCION DE MENORES', (select id_titulo_delito from public.titulo_delito where nombre = 'LEGISLACION INDIGENA'));



INSERT INTO public.delito (id_delito, id_subtitulo_delito, nombre) VALUES(1, (select id_subtitulo_delito from public.subtitulo_delito where nombre = 'DE LA DESERCION'),'ABANDONO DEL PUESTO');
INSERT INTO public.delito (id_delito, id_subtitulo_delito, nombre) VALUES(2, (select id_subtitulo_delito from public.subtitulo_delito where nombre = 'DE LA DESERCION'),'ABANDONO DEL SERVICIO');
INSERT INTO public.delito (id_delito, id_subtitulo_delito, nombre) VALUES(3, (select id_subtitulo_delito from public.subtitulo_delito where nombre = 'DE LA ESTAFA'),'ABIGEATO');
INSERT INTO public.delito (id_delito, id_subtitulo_delito, nombre) VALUES(4, (select id_subtitulo_delito from public.subtitulo_delito where nombre = 'DE LA MANIPULACION GENETICA'),'ABORTO');
INSERT INTO public.delito (id_delito, id_subtitulo_delito, nombre) VALUES(5, (select id_subtitulo_delito from public.subtitulo_delito where nombre = 'DE LA MANIPULACION GENETICA'),'ABORTO SIN CONSENTIMIENTO');
INSERT INTO public.delito (id_delito, id_subtitulo_delito, nombre) VALUES(6, (select id_subtitulo_delito from public.subtitulo_delito where nombre = 'DE LA ESTAFA'),'ABUSO DE CONDICIONES DE INFERIORIDAD');
INSERT INTO public.delito (id_delito, id_subtitulo_delito, nombre) VALUES(7, (select id_subtitulo_delito from public.subtitulo_delito where nombre = 'DE LA ESTAFA'),'ABUSO DE CONFIANZA');
INSERT INTO public.delito (id_delito, id_subtitulo_delito, nombre) VALUES(8, (select id_subtitulo_delito from public.subtitulo_delito where nombre = 'DE LA CELEBRACION INDEBIDA DE CONTRATOS'),'ABUSO DE FUNCION PUBLICA');
INSERT INTO public.delito (id_delito, id_subtitulo_delito, nombre) VALUES(9, (select id_subtitulo_delito from public.subtitulo_delito where nombre = 'APODERAMIENTO Y DESVIO DE AERONAVES NAVES O MEDIOS DE TRANSPORTE COLECTIVO'),'ACCESO ABUSIVO A UN SISTEMA INFORMATICO');
INSERT INTO public.delito (id_delito, id_subtitulo_delito, nombre) VALUES(10, (select id_subtitulo_delito from public.subtitulo_delito where nombre = 'DE LOS ATENTADOS CONTRA LA CONFIDENCIALIDAD, LA INTEGRIDAD Y LA DISPONIBILIDAD DE LOS DATOS Y DE LOS SISTEMAS INFORMATICOS'),'ACCESO ABUSIVO A UN SISTEMA INFORMATICO');
INSERT INTO public.delito (id_delito, id_subtitulo_delito, nombre) VALUES(11, (select id_subtitulo_delito from public.subtitulo_delito where nombre = 'DE LA VIOLACION'),'ACCESO CARNAL ABUSIVO CON MENOR DE CATORCE AÑOS');
INSERT INTO public.delito (id_delito, id_subtitulo_delito, nombre) VALUES(12, (select id_subtitulo_delito from public.subtitulo_delito where nombre = 'DE LA VIOLACION'),'ACCESO CARNAL O ACTO SEXUAL ABUSIVOS CON INCAPAZ DE RESISTIR');
INSERT INTO public.delito (id_delito, id_subtitulo_delito, nombre) VALUES(13, (select id_subtitulo_delito from public.subtitulo_delito where nombre = 'DE LA VIOLACION'),'ACCESO CARNAL O ACTO SEXUAL EN PERSONA PUESTA EN INCAPACIDAD DE RESISTIR');
INSERT INTO public.delito (id_delito, id_subtitulo_delito, nombre) VALUES(14, (select id_subtitulo_delito from public.subtitulo_delito where nombre = 'DE LA VIOLACION'),'ACCESO CARNAL VIOLENTO');
INSERT INTO public.delito (id_delito, id_subtitulo_delito, nombre) VALUES(15, (select id_subtitulo_delito from public.subtitulo_delito where nombre = 'DE LA CORRUPCION DE MENORES'),'ACCESO CARNAL VIOLENTO CONTRA MENOR DE EDAD  (NOTA:SOLO PARA JURISDICCION INDIGENA)');
INSERT INTO public.delito (id_delito, id_subtitulo_delito, nombre) VALUES(16, (select id_subtitulo_delito from public.subtitulo_delito where nombre = 'DELITOS CONTRA PERSONAS Y BIENES PROTEGIDOS POR EL DERECHO INTERNACIONAL HUMANITARIO'),'ACCESO CARNAL VIOLENTO EN PERSONA PROTEGIDA');
INSERT INTO public.delito (id_delito, id_subtitulo_delito, nombre) VALUES(17, (select id_subtitulo_delito from public.subtitulo_delito where nombre = 'DE LA VIOLACION'),'ACOSO SEXUAL');
INSERT INTO public.delito (id_delito, id_subtitulo_delito, nombre) VALUES(18, (select id_subtitulo_delito from public.subtitulo_delito where nombre = 'DE LA VIOLACION'),'ACTO SEXUAL VIOLENTO');
INSERT INTO public.delito (id_delito, id_subtitulo_delito, nombre) VALUES(19, (select id_subtitulo_delito from public.subtitulo_delito where nombre = 'DELITOS CONTRA PERSONAS Y BIENES PROTEGIDOS POR EL DERECHO INTERNACIONAL HUMANITARIO'),'ACTOS DE BARBARIE');
INSERT INTO public.delito (id_delito, id_subtitulo_delito, nombre) VALUES(20, (select id_subtitulo_delito from public.subtitulo_delito where nombre = 'DELITOS CONTRA PERSONAS Y BIENES PROTEGIDOS POR EL DERECHO INTERNACIONAL HUMANITARIO'),'ACTOS DE TERRORISMO');
INSERT INTO public.delito (id_delito, id_subtitulo_delito, nombre) VALUES(21, (select id_subtitulo_delito from public.subtitulo_delito where nombre = 'DE LA VIOLACION'),'ACTOS SEXUALES CON MENOR DE CATORCE AÑOS');
INSERT INTO public.delito (id_delito, id_subtitulo_delito, nombre) VALUES(22, (select id_subtitulo_delito from public.subtitulo_delito where nombre = 'DELITOS CONTRA PERSONAS Y BIENES PROTEGIDOS POR EL DERECHO INTERNACIONAL HUMANITARIO'),'ACTOS SEXUALES VIOLENTOS EN PERSONA PROTEGIDA');
INSERT INTO public.delito (id_delito, id_subtitulo_delito, nombre) VALUES(23, (select id_subtitulo_delito from public.subtitulo_delito where nombre = 'DE LOS DELITOS DE PELIGRO COMUN O QUE PUEDEN OCASIONAR GRAVE PERJUICIO PARA LA COMUNIDAD Y OTRAS INFRACCIONES'),'ADMINISTRACION DE RECURSOS RELACIONADOS CON ACTIVIDADES TERRORISTAS');
INSERT INTO public.delito (id_delito, id_subtitulo_delito, nombre) VALUES(24, (select id_subtitulo_delito from public.subtitulo_delito where nombre = 'DE LA VIOLACION AL EJERCICIO DE MECANISMOS DE PARTICIPACION DEMOCRATICA'),'ALTERACION DE RESULTADOS ELECTORALES');
INSERT INTO public.delito (id_delito, id_subtitulo_delito, nombre) VALUES(25, (select id_subtitulo_delito from public.subtitulo_delito where nombre = 'DE LA ESTAFA'),'ALTERACION DESFIGURACION Y SUPLANTACION DE MARCAS DE GANADO');
INSERT INTO public.delito (id_delito, id_subtitulo_delito, nombre) VALUES(26, (select id_subtitulo_delito from public.subtitulo_delito where nombre = 'DE LA ESTAFA'),'ALZAMIENTO DE BIENES');
INSERT INTO public.delito (id_delito, id_subtitulo_delito, nombre) VALUES(27, (select id_subtitulo_delito from public.subtitulo_delito where nombre = 'DE LA DESOBEDIENCIA'),'AMENAZAS');
INSERT INTO public.delito (id_delito, id_subtitulo_delito, nombre) VALUES(28, (select id_subtitulo_delito from public.subtitulo_delito where nombre = 'DE LOS DELITOS DE PELIGRO COMUN O QUE PUEDEN OCASIONAR GRAVE PERJUICIO PARA LA COMUNIDAD Y OTRAS INFRACCIONES'),'AMENAZAS');
INSERT INTO public.delito (id_delito, id_subtitulo_delito, nombre) VALUES(29, (select id_subtitulo_delito from public.subtitulo_delito where nombre = 'DE LA FUGA DE PRESOS'),'AMENAZAS A TESTIGO');
INSERT INTO public.delito (id_delito, id_subtitulo_delito, nombre) VALUES(30, (select id_subtitulo_delito from public.subtitulo_delito where nombre = 'APODERAMIENTO Y DESVIO DE AERONAVES NAVES O MEDIOS DE TRANSPORTE COLECTIVO'),'APODERAMIENTO DE AERONAVES NAVES O MEDIOS DE TRANSPORTE COLECTIVO');
INSERT INTO public.delito (id_delito, id_subtitulo_delito, nombre) VALUES(31, (select id_subtitulo_delito from public.subtitulo_delito where nombre = 'DE LA URBANIZACION ILEGAL'),'APODERAMIENTO DE HIDROCARBUROS, SUS DERIVADOS, BIOCOMBUSTIBLES O MEZCLAS QUE LOS CONTENGAN');
INSERT INTO public.delito (id_delito, id_subtitulo_delito, nombre) VALUES(32, (select id_subtitulo_delito from public.subtitulo_delito where nombre = 'DE LA URBANIZACION ILEGAL'),'APODERAMIENTO O ALTERACIÓN DE SISTEMAS DE IDENTIFICACIÓN');
INSERT INTO public.delito (id_delito, id_subtitulo_delito, nombre) VALUES(33, (select id_subtitulo_delito from public.subtitulo_delito where nombre = 'DE LA REBELION SEDICION Y ASONADA'),'ASONADA');
INSERT INTO public.delito (id_delito, id_subtitulo_delito, nombre) VALUES(34, (select id_subtitulo_delito from public.subtitulo_delito where nombre = 'DE LA CORRUPCION DE MENORES'),'ATRACO A MANO ARMADA (NOTA:SOLO PARA JURISDICCION INDIGENA)');
INSERT INTO public.delito (id_delito, id_subtitulo_delito, nombre) VALUES(35, (select id_subtitulo_delito from public.subtitulo_delito where nombre = 'DE LA INJURIA Y LA CALUMNIA'),'CALUMNIA');
INSERT INTO public.delito (id_delito, id_subtitulo_delito, nombre) VALUES(36, (select id_subtitulo_delito from public.subtitulo_delito where nombre = 'DE LA URBANIZACION ILEGAL'),'CAPTACION MASIVA Y HABITUAL DE DINEROS');
INSERT INTO public.delito (id_delito, id_subtitulo_delito, nombre) VALUES(37, (select id_subtitulo_delito from public.subtitulo_delito where nombre = 'APODERAMIENTO Y DESVIO DE AERONAVES NAVES O MEDIOS DE TRANSPORTE COLECTIVO'),'CELEBRACION INDEBIDA DE CONTRATOS DE SEGUROS');
INSERT INTO public.delito (id_delito, id_subtitulo_delito, nombre) VALUES(38, (select id_subtitulo_delito from public.subtitulo_delito where nombre = 'DE LA FALSEDAD EN DOCUMENTOS'),'CIRCULACION Y USO DE EFECTO OFICIAL O SELLO FALSIFICADO');
INSERT INTO public.delito (id_delito, id_subtitulo_delito, nombre) VALUES(39, (select id_subtitulo_delito from public.subtitulo_delito where nombre = 'DE LA CELEBRACION INDEBIDA DE CONTRATOS'),'COHECHO IMPROPIO');
INSERT INTO public.delito (id_delito, id_subtitulo_delito, nombre) VALUES(40, (select id_subtitulo_delito from public.subtitulo_delito where nombre = 'DE LA CELEBRACION INDEBIDA DE CONTRATOS'),'COHECHO POR DAR U OFRECER');
INSERT INTO public.delito (id_delito, id_subtitulo_delito, nombre) VALUES(41, (select id_subtitulo_delito from public.subtitulo_delito where nombre = 'DE LA CELEBRACION INDEBIDA DE CONTRATOS'),'COHECHO PROPIO');
INSERT INTO public.delito (id_delito, id_subtitulo_delito, nombre) VALUES(42, (select id_subtitulo_delito from public.subtitulo_delito where nombre = 'DE LOS DELITOS DE PELIGRO COMUN O QUE PUEDEN OCASIONAR GRAVE PERJUICIO PARA LA COMUNIDAD Y OTRAS INFRACCIONES'),'CONCIERTO PARA DELINQUIR');
INSERT INTO public.delito (id_delito, id_subtitulo_delito, nombre) VALUES(43, (select id_subtitulo_delito from public.subtitulo_delito where nombre = 'DE LA CELEBRACION INDEBIDA DE CONTRATOS'),'CONCUSION');
INSERT INTO public.delito (id_delito, id_subtitulo_delito, nombre) VALUES(44, (select id_subtitulo_delito from public.subtitulo_delito where nombre = 'DE LAS AFECTACIONES A LA SALUD PUBLICA'),'CONSERVACION O FINANCIACION DE PLANTACIONES');
INSERT INTO public.delito (id_delito, id_subtitulo_delito, nombre) VALUES(45, (select id_subtitulo_delito from public.subtitulo_delito where nombre = 'DE LA REBELION SEDICION Y ASONADA'),'CONSPIRACION');
INSERT INTO public.delito (id_delito, id_subtitulo_delito, nombre) VALUES(46, (select id_subtitulo_delito from public.subtitulo_delito where nombre = 'DE LA VIOLACION'),'CONSTREÑIMIENTO A LA PROSTITUCION');
INSERT INTO public.delito (id_delito, id_subtitulo_delito, nombre) VALUES(47, (select id_subtitulo_delito from public.subtitulo_delito where nombre = 'DE LA VIOLACION AL EJERCICIO DE MECANISMOS DE PARTICIPACION DEMOCRATICA'),'CONSTREÑIMIENTO AL SUFRAGANTE O AL ELECTOR');
INSERT INTO public.delito (id_delito, id_subtitulo_delito, nombre) VALUES(48, (select id_subtitulo_delito from public.subtitulo_delito where nombre = 'APODERAMIENTO Y DESVIO DE AERONAVES NAVES O MEDIOS DE TRANSPORTE COLECTIVO'),'CONSTREÑIMIENTO ILEGAL');
INSERT INTO public.delito (id_delito, id_subtitulo_delito, nombre) VALUES(49, (select id_subtitulo_delito from public.subtitulo_delito where nombre = 'APODERAMIENTO Y DESVIO DE AERONAVES NAVES O MEDIOS DE TRANSPORTE COLECTIVO'),'CONSTREÑIMIENTO PARA DELINQUIR');
INSERT INTO public.delito (id_delito, id_subtitulo_delito, nombre) VALUES(50, (select id_subtitulo_delito from public.subtitulo_delito where nombre = 'DELITOS CONTRA LOS ANIMALES'),'CONTAMINACION AMBIENTAL');
INSERT INTO public.delito (id_delito, id_subtitulo_delito, nombre) VALUES(51, (select id_subtitulo_delito from public.subtitulo_delito where nombre = 'DELITOS CONTRA LOS ANIMALES'),'CONTAMINACION AMBIENTAL CULPOSA POR EXPLOTACION DE YACIMIENTO MINERO O HIDROCARBURO');
INSERT INTO public.delito (id_delito, id_subtitulo_delito, nombre) VALUES(52, (select id_subtitulo_delito from public.subtitulo_delito where nombre = 'DELITOS CONTRA LOS ANIMALES'),'CONTAMINACION AMBIENTAL POR EXPLOTACION DE YACIMIENTO MINERO O HIDROCARBURO');
INSERT INTO public.delito (id_delito, id_subtitulo_delito, nombre) VALUES(53, (select id_subtitulo_delito from public.subtitulo_delito where nombre = 'DE LA URBANIZACION ILEGAL'),'CONTRABANDO');
INSERT INTO public.delito (id_delito, id_subtitulo_delito, nombre) VALUES(54, (select id_subtitulo_delito from public.subtitulo_delito where nombre = 'DELITOS CONTRA LOS ANIMALES'),'CONTRABANDO DE HIDORCARBUROS O SUS DERIVADOS');
INSERT INTO public.delito (id_delito, id_subtitulo_delito, nombre) VALUES(55, (select id_subtitulo_delito from public.subtitulo_delito where nombre = 'DE LA CELEBRACION INDEBIDA DE CONTRATOS'),'CONTRATO SIN CUMPLIMIENTO DE REQUISITOS LEGALES');
INSERT INTO public.delito (id_delito, id_subtitulo_delito, nombre) VALUES(56, (select id_subtitulo_delito from public.subtitulo_delito where nombre = 'DE LAS AFECTACIONES A LA SALUD PUBLICA'),'CORRUPCION DE ALIMENTOS PRODUCTOS MEDICOS O MATERIAL PROFILACTICO');
INSERT INTO public.delito (id_delito, id_subtitulo_delito, nombre) VALUES(57, (select id_subtitulo_delito from public.subtitulo_delito where nombre = 'DE LA CORRUPCION DE MENORES'),'CORRUPCION DE MENORES');
INSERT INTO public.delito (id_delito, id_subtitulo_delito, nombre) VALUES(58, (select id_subtitulo_delito from public.subtitulo_delito where nombre = 'DE LA ESTAFA'),'DAÑO EN BIEN AJENO');
INSERT INTO public.delito (id_delito, id_subtitulo_delito, nombre) VALUES(59, (select id_subtitulo_delito from public.subtitulo_delito where nombre = 'DE LOS DELITOS DE PELIGRO COMUN O QUE PUEDEN OCASIONAR GRAVE PERJUICIO PARA LA COMUNIDAD Y OTRAS INFRACCIONES'),'DAÑO EN OBRAS O ELEMENTOS DE LOS SERVICIOS DE COMUNICACIONES ENERGIA Y COMBUSTIBLES');
INSERT INTO public.delito (id_delito, id_subtitulo_delito, nombre) VALUES(60, (select id_subtitulo_delito from public.subtitulo_delito where nombre = 'DE LOS DELITOS DE PELIGRO COMUN O QUE PUEDEN OCASIONAR GRAVE PERJUICIO PARA LA COMUNIDAD Y OTRAS INFRACCIONES'),'DAÑO EN OBRAS O ELEMENTOS DE LOS SERVICIOS DE COMUNICACIONES ENERGIA Y COMBUSTIBLES CULPOSO');
INSERT INTO public.delito (id_delito, id_subtitulo_delito, nombre) VALUES(61, (select id_subtitulo_delito from public.subtitulo_delito where nombre = 'DE LOS ATENTADOS CONTRA LA CONFIDENCIALIDAD, LA INTEGRIDAD Y LA DISPONIBILIDAD DE LOS DATOS Y DE LOS SISTEMAS INFORMATICOS'),'DAÑO INFORMATICO');
INSERT INTO public.delito (id_delito, id_subtitulo_delito, nombre) VALUES(62, (select id_subtitulo_delito from public.subtitulo_delito where nombre = 'DELITOS CONTRA LOS ANIMALES'),'DAÑOS EN LOS RECURSOS NATURALES');
INSERT INTO public.delito (id_delito, id_subtitulo_delito, nombre) VALUES(63, (select id_subtitulo_delito from public.subtitulo_delito where nombre = 'APODERAMIENTO Y DESVIO DE AERONAVES NAVES O MEDIOS DE TRANSPORTE COLECTIVO'),'DAÑOS O AGRAVIOS A PERSONAS O A COSAS DESTINADAS AL CULTO');
INSERT INTO public.delito (id_delito, id_subtitulo_delito, nombre) VALUES(64, (select id_subtitulo_delito from public.subtitulo_delito where nombre = 'DE LA CONFORMACION DE GRUPOS ARMADOS AL MARGEN DE LA LEY'),'DE LA CONFORMACION DE GRUPOS ARMADOS AL MARGEN DE LA LEY');
INSERT INTO public.delito (id_delito, id_subtitulo_delito, nombre) VALUES(65, (select id_subtitulo_delito from public.subtitulo_delito where nombre = 'DE LA VIOLACIÓN A LOS DERECHOS DE AUTOR LEY 44 DE 1993'),'DEFRAUDACION A LOS DERECHOS PATRIMONIALES DE AUTOR');
INSERT INTO public.delito (id_delito, id_subtitulo_delito, nombre) VALUES(66, (select id_subtitulo_delito from public.subtitulo_delito where nombre = 'DE LA ESTAFA'),'DEFRAUDACION DE FLUIDOS');
INSERT INTO public.delito (id_delito, id_subtitulo_delito, nombre) VALUES(67, (select id_subtitulo_delito from public.subtitulo_delito where nombre = 'APODERAMIENTO Y DESVIO DE AERONAVES NAVES O MEDIOS DE TRANSPORTE COLECTIVO'),'DEL TRAFICO DE MIGRANTES');
INSERT INTO public.delito (id_delito, id_subtitulo_delito, nombre) VALUES(68, (select id_subtitulo_delito from public.subtitulo_delito where nombre = 'DE LA DESERCION'),'DELITO DEL CENTINELA');
INSERT INTO public.delito (id_delito, id_subtitulo_delito, nombre) VALUES(69, (select id_subtitulo_delito from public.subtitulo_delito where nombre = 'DELITOS CONTRA LOS ANIMALES'),'DELITOS CONTRA LA VIDA, LA INTEGRIDAD FISICA Y EMOCIONAL DE LOS ANIMALES');
INSERT INTO public.delito (id_delito, id_subtitulo_delito, nombre) VALUES(70, (select id_subtitulo_delito from public.subtitulo_delito where nombre = 'DE LA VIOLACION'),'DEMANDA DE EXPLOTACION SEXUAL COMERCIAL DE PERSONA MENOR DE 18 AÑOS DE EDAD');
INSERT INTO public.delito (id_delito, id_subtitulo_delito, nombre) VALUES(71, (select id_subtitulo_delito from public.subtitulo_delito where nombre = 'DELITOS CONTRA PERSONAS Y BIENES PROTEGIDOS POR EL DERECHO INTERNACIONAL HUMANITARIO'),'DEPORTACION EXPULSION  TRASLADO O DESPLAZAMIENTO FORZADO DE POBLACION CIVIL');
INSERT INTO public.delito (id_delito, id_subtitulo_delito, nombre) VALUES(72, (select id_subtitulo_delito from public.subtitulo_delito where nombre = 'ACCION DE TUTELA'),'DESACATO A UNA ORDEN DE PROTECCION FAMILIAR');
INSERT INTO public.delito (id_delito, id_subtitulo_delito, nombre) VALUES(73, (select id_subtitulo_delito from public.subtitulo_delito where nombre = 'ACCION DE TUTELA'),'DESACATO TUTELA');
INSERT INTO public.delito (id_delito, id_subtitulo_delito, nombre) VALUES(74, (select id_subtitulo_delito from public.subtitulo_delito where nombre = 'APODERAMIENTO Y DESVIO DE AERONAVES NAVES O MEDIOS DE TRANSPORTE COLECTIVO'),'DESAPARICION FORZADA');
INSERT INTO public.delito (id_delito, id_subtitulo_delito, nombre) VALUES(75, (select id_subtitulo_delito from public.subtitulo_delito where nombre = 'DE LA DESERCION'),'DESERCION');
INSERT INTO public.delito (id_delito, id_subtitulo_delito, nombre) VALUES(76, (select id_subtitulo_delito from public.subtitulo_delito where nombre = 'DE LA DESOBEDIENCIA'),'DESOBEDIENCIA');
INSERT INTO public.delito (id_delito, id_subtitulo_delito, nombre) VALUES(77, (select id_subtitulo_delito from public.subtitulo_delito where nombre = 'APODERAMIENTO Y DESVIO DE AERONAVES NAVES O MEDIOS DE TRANSPORTE COLECTIVO'),'DESPLAZAMIENTO FORZADO');
INSERT INTO public.delito (id_delito, id_subtitulo_delito, nombre) VALUES(78, (select id_subtitulo_delito from public.subtitulo_delito where nombre = 'DELITOS CONTRA PERSONAS Y BIENES PROTEGIDOS POR EL DERECHO INTERNACIONAL HUMANITARIO'),'DESPOJO EN EL CAMPO DE BATALLA');
INSERT INTO public.delito (id_delito, id_subtitulo_delito, nombre) VALUES(79, (select id_subtitulo_delito from public.subtitulo_delito where nombre = 'DE LA URBANIZACION ILEGAL'),'DESTINACIÓN ILEGAL DE COMBUSTIBLES');
INSERT INTO public.delito (id_delito, id_subtitulo_delito, nombre) VALUES(80, (select id_subtitulo_delito from public.subtitulo_delito where nombre = 'DE LAS AFECTACIONES A LA SALUD PUBLICA'),'DESTINACION ILICITA DE MUEBLES O INMUEBLES');
INSERT INTO public.delito (id_delito, id_subtitulo_delito, nombre) VALUES(81, (select id_subtitulo_delito from public.subtitulo_delito where nombre = 'DE LA FALSEDAD EN DOCUMENTOS'),'DESTRUCCION SUPRESION U OCULTAMIENTO DE DOCUMENTO PUBLICO');
INSERT INTO public.delito (id_delito, id_subtitulo_delito, nombre) VALUES(82, (select id_subtitulo_delito from public.subtitulo_delito where nombre = 'DE LA FALSEDAD EN DOCUMENTOS'),'DESTRUCCION SUPRESION Y OCULTAMIENTO DE DOCUMENTO PRIVADO');
INSERT INTO public.delito (id_delito, id_subtitulo_delito, nombre) VALUES(83, (select id_subtitulo_delito from public.subtitulo_delito where nombre = 'DELITOS CONTRA PERSONAS Y BIENES PROTEGIDOS POR EL DERECHO INTERNACIONAL HUMANITARIO'),'DESTRUCCION Y APROPIACION DE BIENES PROTEGIDOS');
INSERT INTO public.delito (id_delito, id_subtitulo_delito, nombre) VALUES(84, (select id_subtitulo_delito from public.subtitulo_delito where nombre = 'DE LOS DELITOS DE PELIGRO COMUN O QUE PUEDEN OCASIONAR GRAVE PERJUICIO PARA LA COMUNIDAD Y OTRAS INFRACCIONES'),'DISPARO DE ARMA DE FUEGO CONTRA VEHICULO');
INSERT INTO public.delito (id_delito, id_subtitulo_delito, nombre) VALUES(85, (select id_subtitulo_delito from public.subtitulo_delito where nombre = 'DE LA ADOPCION IRREGULAR'),'EJERCICIO ARBITRARIO DE LA CUSTODIA DE HIJO MENOR DE EDAD');
INSERT INTO public.delito (id_delito, id_subtitulo_delito, nombre) VALUES(86, (select id_subtitulo_delito from public.subtitulo_delito where nombre = 'DE LA URBANIZACION ILEGAL'),'EJERCICIO ILICITO DE ACTIVIDAD MONOPOLISTICA DE ARBITRIO RENTISTICO');
INSERT INTO public.delito (id_delito, id_subtitulo_delito, nombre) VALUES(87, (select id_subtitulo_delito from public.subtitulo_delito where nombre = 'DE LA ESTAFA'),'EMISION Y TRANSFERENCIA ILEGAL DE CHEQUE');
INSERT INTO public.delito (id_delito, id_subtitulo_delito, nombre) VALUES(88, (select id_subtitulo_delito from public.subtitulo_delito where nombre = 'DE LA CELEBRACION INDEBIDA DE CONTRATOS'),'EMPLEO ILEGAL DE LA FUERZA PUBLICA');
INSERT INTO public.delito (id_delito, id_subtitulo_delito, nombre) VALUES(89, (select id_subtitulo_delito from public.subtitulo_delito where nombre = 'DE LOS DELITOS DE PELIGRO COMUN O QUE PUEDEN OCASIONAR GRAVE PERJUICIO PARA LA COMUNIDAD Y OTRAS INFRACCIONES'),'EMPLEO O LANZAMIENTO DE SUSTANCIAS U OBJETOS PELIGROSOS');
INSERT INTO public.delito (id_delito, id_subtitulo_delito, nombre) VALUES(90, (select id_subtitulo_delito from public.subtitulo_delito where nombre = 'DE LOS DELITOS DE PELIGRO COMUN O QUE PUEDEN OCASIONAR GRAVE PERJUICIO PARA LA COMUNIDAD Y OTRAS INFRACCIONES'),'EMPLEO, PRODUCCION, COMERCIALIZACION Y ALMACENAMIENTO DE MINAS ANTIPERSONAL');
INSERT INTO public.delito (id_delito, id_subtitulo_delito, nombre) VALUES(91, (select id_subtitulo_delito from public.subtitulo_delito where nombre = 'DE LAS AFECTACIONES A LA SALUD PUBLICA'),'ENAJENACIÓN ILEGAL DE MEDICAMENTOS');
INSERT INTO public.delito (id_delito, id_subtitulo_delito, nombre) VALUES(92, (select id_subtitulo_delito from public.subtitulo_delito where nombre = 'DE LA CELEBRACION INDEBIDA DE CONTRATOS'),'ENRIQUECIMIENTO ILICITO ');
INSERT INTO public.delito (id_delito, id_subtitulo_delito, nombre) VALUES(93, (select id_subtitulo_delito from public.subtitulo_delito where nombre = 'DE LA URBANIZACION ILEGAL'),'ENRIQUECIMIENTO ILICITO DE PARTICULARES');
INSERT INTO public.delito (id_delito, id_subtitulo_delito, nombre) VALUES(94, (select id_subtitulo_delito from public.subtitulo_delito where nombre = 'DE LOS DELITOS DE PELIGRO COMUN O QUE PUEDEN OCASIONAR GRAVE PERJUICIO PARA LA COMUNIDAD Y OTRAS INFRACCIONES'),'ENTRENAMIENTO PARA ACTIVIDADES ILICITAS');
INSERT INTO public.delito (id_delito, id_subtitulo_delito, nombre) VALUES(95, (select id_subtitulo_delito from public.subtitulo_delito where nombre = 'DE LOS DELITOS CONTRA LA SEGURIDAD DEL ESTADO'),'ESPIONAJE');
INSERT INTO public.delito (id_delito, id_subtitulo_delito, nombre) VALUES(96, (select id_subtitulo_delito from public.subtitulo_delito where nombre = 'DE LA ESTAFA'),'ESTAFA');
INSERT INTO public.delito (id_delito, id_subtitulo_delito, nombre) VALUES(97, (select id_subtitulo_delito from public.subtitulo_delito where nombre = 'DE LA VIOLACION'),'ESTIMULO A LA PROSTITUCION DE MENORES');
INSERT INTO public.delito (id_delito, id_subtitulo_delito, nombre) VALUES(98, (select id_subtitulo_delito from public.subtitulo_delito where nombre = 'DE LAS AFECTACIONES A LA SALUD PUBLICA'),'ESTIMULO AL USO ILICITO');
INSERT INTO public.delito (id_delito, id_subtitulo_delito, nombre) VALUES(99, (select id_subtitulo_delito from public.subtitulo_delito where nombre = 'DELITOS CONTRA PERSONAS Y BIENES PROTEGIDOS POR EL DERECHO INTERNACIONAL HUMANITARIO'),'EXACCION O CONTRIBUCIONES ARBITRARIAS');
INSERT INTO public.delito (id_delito, id_subtitulo_delito, nombre) VALUES(100, (select id_subtitulo_delito from public.subtitulo_delito where nombre = 'DE LA ADOPCION IRREGULAR'),'EXPLOTACION DE MENORES DE EDAD');
INSERT INTO public.delito (id_delito, id_subtitulo_delito, nombre) VALUES(101, (select id_subtitulo_delito from public.subtitulo_delito where nombre = 'DELITOS CONTRA LOS ANIMALES'),'EXPLOTACION ILICITA DE YACIMIENTO MINERO Y OTROS MATERIALES');
INSERT INTO public.delito (id_delito, id_subtitulo_delito, nombre) VALUES(102, (select id_subtitulo_delito from public.subtitulo_delito where nombre = 'DE LA ESTAFA'),'EXTORSION');
INSERT INTO public.delito (id_delito, id_subtitulo_delito, nombre) VALUES(103, (select id_subtitulo_delito from public.subtitulo_delito where nombre = 'DE LOS DELITOS DE PELIGRO COMUN O QUE PUEDEN OCASIONAR GRAVE PERJUICIO PARA LA COMUNIDAD Y OTRAS INFRACCIONES'),'FABRICACION  TRAFICO Y PORTE DE ARMAS Y MUNICIONES DE USO PRIVATIVO DE LAS FUERZAS ARMADAS');
INSERT INTO public.delito (id_delito, id_subtitulo_delito, nombre) VALUES(104, (select id_subtitulo_delito from public.subtitulo_delito where nombre = 'DE LOS DELITOS DE PELIGRO COMUN O QUE PUEDEN OCASIONAR GRAVE PERJUICIO PARA LA COMUNIDAD Y OTRAS INFRACCIONES'),'FABRICACION IMPORTACION TRAFICO POSESION USO ARMAS QUIMICAS BIOLOGICAS Y NUCLEARES');
INSERT INTO public.delito (id_delito, id_subtitulo_delito, nombre) VALUES(105, (select id_subtitulo_delito from public.subtitulo_delito where nombre = 'DE LOS DELITOS DE PELIGRO COMUN O QUE PUEDEN OCASIONAR GRAVE PERJUICIO PARA LA COMUNIDAD Y OTRAS INFRACCIONES'),'FABRICACION TRAFICO Y PORTE DE ARMAS DE FUEGO O MUNICIONES');
INSERT INTO public.delito (id_delito, id_subtitulo_delito, nombre) VALUES(106, (select id_subtitulo_delito from public.subtitulo_delito where nombre = 'DE LAS AFECTACIONES A LA SALUD PUBLICA'),'FABRICACION Y COMERCIALIZACION DE SUSTANCIAS NOCIVAS PARA LA SALUD');
INSERT INTO public.delito (id_delito, id_subtitulo_delito, nombre) VALUES(107, (select id_subtitulo_delito from public.subtitulo_delito where nombre = 'DE LA DESERCION'),'FABRICACIÓN, POSESIÓN Y TRÁFICO ILEGAL DE ARMAS DE FUEGO, MUNICIONES Y EXPLOSIVOS.');
INSERT INTO public.delito (id_delito, id_subtitulo_delito, nombre) VALUES(108, (select id_subtitulo_delito from public.subtitulo_delito where nombre = 'DE LOS DELITOS DE PELIGRO COMUN O QUE PUEDEN OCASIONAR GRAVE PERJUICIO PARA LA COMUNIDAD Y OTRAS INFRACCIONES'),'FABRICACIÓN, TRÁFICO Y PORTE DE ARMAS, MUNICIONES DE USO RESTRINGIDO, DE USO PRIVATIVO DE LAS FUERZAS ARMADAS O EXPLOSIVOS');
INSERT INTO public.delito (id_delito, id_subtitulo_delito, nombre) VALUES(109, (select id_subtitulo_delito from public.subtitulo_delito where nombre = 'DE LOS DELITOS DE PELIGRO COMUN O QUE PUEDEN OCASIONAR GRAVE PERJUICIO PARA LA COMUNIDAD Y OTRAS INFRACCIONES'),'FABRICACIÓN, TRÁFICO, PORTE O TENENCIA DE ARMAS DE FUEGO, ACCESORIOS, PARTES O MUNICIONES');
INSERT INTO public.delito (id_delito, id_subtitulo_delito, nombre) VALUES(110, (select id_subtitulo_delito from public.subtitulo_delito where nombre = 'DE LA FUGA DE PRESOS'),'FALSA AUTOACUSACION');
INSERT INTO public.delito (id_delito, id_subtitulo_delito, nombre) VALUES(111, (select id_subtitulo_delito from public.subtitulo_delito where nombre = 'DE LA FUGA DE PRESOS'),'FALSA DENUNCIA');
INSERT INTO public.delito (id_delito, id_subtitulo_delito, nombre) VALUES(112, (select id_subtitulo_delito from public.subtitulo_delito where nombre = 'DE LA FUGA DE PRESOS'),'FALSA DENUNCIA CONTRA PERSONA DETERMINADA');
INSERT INTO public.delito (id_delito, id_subtitulo_delito, nombre) VALUES(113, (select id_subtitulo_delito from public.subtitulo_delito where nombre = 'DE LA FALSEDAD EN DOCUMENTOS'),'FALSEDAD EN DOCUMENTO PRIVADO');
INSERT INTO public.delito (id_delito, id_subtitulo_delito, nombre) VALUES(114, (select id_subtitulo_delito from public.subtitulo_delito where nombre = 'DE LA FALSEDAD EN DOCUMENTOS'),'FALSEDAD IDEOLOGICA EN DOCUMENTO PUBLICO');
INSERT INTO public.delito (id_delito, id_subtitulo_delito, nombre) VALUES(115, (select id_subtitulo_delito from public.subtitulo_delito where nombre = 'DE LA FALSEDAD EN DOCUMENTOS'),'FALSEDAD MARCARIA');
INSERT INTO public.delito (id_delito, id_subtitulo_delito, nombre) VALUES(116, (select id_subtitulo_delito from public.subtitulo_delito where nombre = 'DE LA FALSEDAD EN DOCUMENTOS'),'FALSEDAD MATERIAL DE PARTICULAR EN DOCUMENTO PUBLICO');
INSERT INTO public.delito (id_delito, id_subtitulo_delito, nombre) VALUES(117, (select id_subtitulo_delito from public.subtitulo_delito where nombre = 'DE LA FALSEDAD EN DOCUMENTOS'),'FALSEDAD MATERIAL DE SERVIDOR PUBLICO EN DOCUMENTO PUBLICO');
INSERT INTO public.delito (id_delito, id_subtitulo_delito, nombre) VALUES(118, (select id_subtitulo_delito from public.subtitulo_delito where nombre = 'DE LA FALSEDAD EN DOCUMENTOS'),'FALSEDAD MATERIAL EN DOCUMENTO PUBLICO');
INSERT INTO public.delito (id_delito, id_subtitulo_delito, nombre) VALUES(119, (select id_subtitulo_delito from public.subtitulo_delito where nombre = 'APODERAMIENTO Y DESVIO DE AERONAVES NAVES O MEDIOS DE TRANSPORTE COLECTIVO'),'FALSEDAD OBTENER PRUEBA HECHO VERDADERO');
INSERT INTO public.delito (id_delito, id_subtitulo_delito, nombre) VALUES(120, (select id_subtitulo_delito from public.subtitulo_delito where nombre = 'DE LA FALSEDAD EN DOCUMENTOS'),'FALSEDAD PARA OBTENER PRUEBA DE HECHO VERDADERO');
INSERT INTO public.delito (id_delito, id_subtitulo_delito, nombre) VALUES(121, (select id_subtitulo_delito from public.subtitulo_delito where nombre = 'DE LA FALSEDAD EN DOCUMENTOS'),'FALSEDAD PERSONAL');
INSERT INTO public.delito (id_delito, id_subtitulo_delito, nombre) VALUES(122, (select id_subtitulo_delito from public.subtitulo_delito where nombre = 'DE LA FALSEDAD EN DOCUMENTOS'),'FALSIFICACION DE EFECTO OFICIAL TIMBRADO');
INSERT INTO public.delito (id_delito, id_subtitulo_delito, nombre) VALUES(123, (select id_subtitulo_delito from public.subtitulo_delito where nombre = 'DE LA FALSEDAD EN DOCUMENTOS'),'FALSIFICACION DE MONEDA NACIONAL O EXTRANJERA');
INSERT INTO public.delito (id_delito, id_subtitulo_delito, nombre) VALUES(124, (select id_subtitulo_delito from public.subtitulo_delito where nombre = 'DE LA FALSEDAD EN DOCUMENTOS'),'FALSIFICACION O USO FRAUDULENTO DE SELLO OFICIAL');
INSERT INTO public.delito (id_delito, id_subtitulo_delito, nombre) VALUES(125, (select id_subtitulo_delito from public.subtitulo_delito where nombre = 'DE LA FUGA DE PRESOS'),'FALSO TESTIMONIO');
INSERT INTO public.delito (id_delito, id_subtitulo_delito, nombre) VALUES(126, (select id_subtitulo_delito from public.subtitulo_delito where nombre = 'DE LA FUGA DE PRESOS'),'FAVORECIMIENTO');
INSERT INTO public.delito (id_delito, id_subtitulo_delito, nombre) VALUES(127, (select id_subtitulo_delito from public.subtitulo_delito where nombre = 'DE LA URBANIZACION ILEGAL'),'FAVORECIMIENTO DE CONTRABANDO');
INSERT INTO public.delito (id_delito, id_subtitulo_delito, nombre) VALUES(128, (select id_subtitulo_delito from public.subtitulo_delito where nombre = 'DE LA FUGA DE PRESOS'),'FAVORECIMIENTO DE LA FUGA');
INSERT INTO public.delito (id_delito, id_subtitulo_delito, nombre) VALUES(129, (select id_subtitulo_delito from public.subtitulo_delito where nombre = 'DELITOS CONTRA LOS ANIMALES'),'FAVORECIMIENTO EN EL DELITO DE CONTRABANDO DE HIDROCARBUROS O SUS DERIVADOS');
INSERT INTO public.delito (id_delito, id_subtitulo_delito, nombre) VALUES(130, (select id_subtitulo_delito from public.subtitulo_delito where nombre = 'DELITOS CONTRA LOS ANIMALES'),'FAVORECIMIENTO EN EL DELITO DE HURTO DE HIDROCARBUROS O SUS DERIVADOS');
INSERT INTO public.delito (id_delito, id_subtitulo_delito, nombre) VALUES(131, (select id_subtitulo_delito from public.subtitulo_delito where nombre = 'DELITOS CONTRA LOS ANIMALES'),'FAVORECIMIENTO POR SERVIDOR PUBLICO');
INSERT INTO public.delito (id_delito, id_subtitulo_delito, nombre) VALUES(132, (select id_subtitulo_delito from public.subtitulo_delito where nombre = 'DE LA MANIPULACION GENETICA'),'FEMINICIDIO');
INSERT INTO public.delito (id_delito, id_subtitulo_delito, nombre) VALUES(133, (select id_subtitulo_delito from public.subtitulo_delito where nombre = 'DE LOS DELITOS DE PELIGRO COMUN O QUE PUEDEN OCASIONAR GRAVE PERJUICIO PARA LA COMUNIDAD Y OTRAS INFRACCIONES'),'FINANCIACIÓN DEL TERRORISMO Y DE ACTIVIDADES DE DELINCUENCIA ORGANIZADA Y ADMINISTRACIÓN DE RECURSOS CON ACTIVIDADES TERRORISTAS Y DE DELINCUENCIA ORGANIZADA');
INSERT INTO public.delito (id_delito, id_subtitulo_delito, nombre) VALUES(134, (select id_subtitulo_delito from public.subtitulo_delito where nombre = 'DE LA FUGA DE PRESOS'),'FRAUDE A RESOLUCION JUDICIAL');
INSERT INTO public.delito (id_delito, id_subtitulo_delito, nombre) VALUES(135, (select id_subtitulo_delito from public.subtitulo_delito where nombre = 'DE LA FUGA DE PRESOS'),'FRAUDE A RESOLUCIÓN JUDICIAL O ADMINISTRATIVA DE POLICÍA.');
INSERT INTO public.delito (id_delito, id_subtitulo_delito, nombre) VALUES(136, (select id_subtitulo_delito from public.subtitulo_delito where nombre = 'DE LA VIOLACION AL EJERCICIO DE MECANISMOS DE PARTICIPACION DEMOCRATICA'),'FRAUDE AL SUFRAGANTE');
INSERT INTO public.delito (id_delito, id_subtitulo_delito, nombre) VALUES(137, (select id_subtitulo_delito from public.subtitulo_delito where nombre = 'DE LA FUGA DE PRESOS'),'FRAUDE PROCESAL');
INSERT INTO public.delito (id_delito, id_subtitulo_delito, nombre) VALUES(138, (select id_subtitulo_delito from public.subtitulo_delito where nombre = 'DE LA FUGA DE PRESOS'),'FUGA DE PRESOS');
INSERT INTO public.delito (id_delito, id_subtitulo_delito, nombre) VALUES(139, (select id_subtitulo_delito from public.subtitulo_delito where nombre = 'DE LA MANIPULACION GENETICA'),'GENOCIDIO');
INSERT INTO public.delito (id_delito, id_subtitulo_delito, nombre) VALUES(140, (select id_subtitulo_delito from public.subtitulo_delito where nombre = 'DE LA ESTAFA'),'GESTION INDEBIDA DE RECURSOS SOCIALES');
INSERT INTO public.delito (id_delito, id_subtitulo_delito, nombre) VALUES(141, (select id_subtitulo_delito from public.subtitulo_delito where nombre = 'DE LA MANIPULACION GENETICA'),'HOMICIDIO');
INSERT INTO public.delito (id_delito, id_subtitulo_delito, nombre) VALUES(142, (select id_subtitulo_delito from public.subtitulo_delito where nombre = 'DE LA MANIPULACION GENETICA'),'HOMICIDIO CULPOSO');
INSERT INTO public.delito (id_delito, id_subtitulo_delito, nombre) VALUES(143, (select id_subtitulo_delito from public.subtitulo_delito where nombre = 'DELITOS CONTRA PERSONAS Y BIENES PROTEGIDOS POR EL DERECHO INTERNACIONAL HUMANITARIO'),'HOMICIDIO EN PERSONA PROTEGIDA');
INSERT INTO public.delito (id_delito, id_subtitulo_delito, nombre) VALUES(144, (select id_subtitulo_delito from public.subtitulo_delito where nombre = 'DE LA MANIPULACION GENETICA'),'HOMICIDIO PRETERINTENCIONAL');
INSERT INTO public.delito (id_delito, id_subtitulo_delito, nombre) VALUES(145, (select id_subtitulo_delito from public.subtitulo_delito where nombre = 'DE LA ESTAFA'),'HURTO');
INSERT INTO public.delito (id_delito, id_subtitulo_delito, nombre) VALUES(146, (select id_subtitulo_delito from public.subtitulo_delito where nombre = 'DELITOS CONTRA LOS ANIMALES'),'HURTO DE HIDROCARBUROS O SUS DERIVADOS');
INSERT INTO public.delito (id_delito, id_subtitulo_delito, nombre) VALUES(147, (select id_subtitulo_delito from public.subtitulo_delito where nombre = 'DE LOS ATENTADOS CONTRA LA CONFIDENCIALIDAD, LA INTEGRIDAD Y LA DISPONIBILIDAD DE LOS DATOS Y DE LOS SISTEMAS INFORMATICOS'),'HURTO POR MEDIOS INFORMATICOS SEMEJANTES');
INSERT INTO public.delito (id_delito, id_subtitulo_delito, nombre) VALUES(148, (select id_subtitulo_delito from public.subtitulo_delito where nombre = 'DELITOS CONTRA LOS ANIMALES'),'ILÍCITA ACTIVIDAD DE PESCA');
INSERT INTO public.delito (id_delito, id_subtitulo_delito, nombre) VALUES(149, (select id_subtitulo_delito from public.subtitulo_delito where nombre = 'DE LA URBANIZACION ILEGAL'),'ILICITA EXPLOTACION COMERCIAL');
INSERT INTO public.delito (id_delito, id_subtitulo_delito, nombre) VALUES(150, (select id_subtitulo_delito from public.subtitulo_delito where nombre = 'DELITOS CONTRA LOS ANIMALES'),'ILICITO APROVECHAMIENTO DE LOS RECURSOS NATURALES RENOVABLES');
INSERT INTO public.delito (id_delito, id_subtitulo_delito, nombre) VALUES(151, (select id_subtitulo_delito from public.subtitulo_delito where nombre = 'DE LAS AFECTACIONES A LA SALUD PUBLICA'),'IMITACION O SIMULACION DE ALIMENTOS PRODUCTOS O SUSTANCIAS');
INSERT INTO public.delito (id_delito, id_subtitulo_delito, nombre) VALUES(152, (select id_subtitulo_delito from public.subtitulo_delito where nombre = 'DE LA ADOPCION IRREGULAR'),'INASISTENCIA ALIMENTARIA');
INSERT INTO public.delito (id_delito, id_subtitulo_delito, nombre) VALUES(153, (select id_subtitulo_delito from public.subtitulo_delito where nombre = 'DE LOS DELITOS DE PELIGRO COMUN O QUE PUEDEN OCASIONAR GRAVE PERJUICIO PARA LA COMUNIDAD Y OTRAS INFRACCIONES'),'INCENDIO');
INSERT INTO public.delito (id_delito, id_subtitulo_delito, nombre) VALUES(154, (select id_subtitulo_delito from public.subtitulo_delito where nombre = 'DE LA ADOPCION IRREGULAR'),'INCESTO');
INSERT INTO public.delito (id_delito, id_subtitulo_delito, nombre) VALUES(155, (select id_subtitulo_delito from public.subtitulo_delito where nombre = 'DE LA VIOLACION'),'INDUCCION A LA PROSTITUCION');
INSERT INTO public.delito (id_delito, id_subtitulo_delito, nombre) VALUES(156, (select id_subtitulo_delito from public.subtitulo_delito where nombre = 'DE LAS AFECTACIONES A LA SALUD PUBLICA'),'INFRACCION LEY 30 DE 1986');
INSERT INTO public.delito (id_delito, id_subtitulo_delito, nombre) VALUES(157, (select id_subtitulo_delito from public.subtitulo_delito where nombre = 'DE LA INJURIA Y LA CALUMNIA'),'INJURIA');
INSERT INTO public.delito (id_delito, id_subtitulo_delito, nombre) VALUES(158, (select id_subtitulo_delito from public.subtitulo_delito where nombre = 'DE LA INJURIA Y LA CALUMNIA'),'INJURIA POR VIAS DE HECHO');
INSERT INTO public.delito (id_delito, id_subtitulo_delito, nombre) VALUES(159, (select id_subtitulo_delito from public.subtitulo_delito where nombre = 'APODERAMIENTO Y DESVIO DE AERONAVES NAVES O MEDIOS DE TRANSPORTE COLECTIVO'),'INSEMINACION ARTIFICIAL O TRANSFERENCIA DE OVULO FECUNDADO NO CONSENTIDAS');
INSERT INTO public.delito (id_delito, id_subtitulo_delito, nombre) VALUES(160, (select id_subtitulo_delito from public.subtitulo_delito where nombre = 'DE LOS DELITOS DE PELIGRO COMUN O QUE PUEDEN OCASIONAR GRAVE PERJUICIO PARA LA COMUNIDAD Y OTRAS INFRACCIONES'),'INSTIGACION AL TERRORISMO');
INSERT INTO public.delito (id_delito, id_subtitulo_delito, nombre) VALUES(161, (select id_subtitulo_delito from public.subtitulo_delito where nombre = 'DE LOS ATENTADOS CONTRA LA CONFIDENCIALIDAD, LA INTEGRIDAD Y LA DISPONIBILIDAD DE LOS DATOS Y DE LOS SISTEMAS INFORMATICOS'),'INTERCEPTACION DE DATOS INFORMATICOS');
INSERT INTO public.delito (id_delito, id_subtitulo_delito, nombre) VALUES(162, (select id_subtitulo_delito from public.subtitulo_delito where nombre = 'DE LA CELEBRACION INDEBIDA DE CONTRATOS'),'INTERES INDEBIDO O ILICITO EN LA CELEBRACION DE CONTRATOS');
INSERT INTO public.delito (id_delito, id_subtitulo_delito, nombre) VALUES(163, (select id_subtitulo_delito from public.subtitulo_delito where nombre = 'DE LA CORRUPCION DE MENORES'),'INTIMIDACION (NOTA:SOLO PARA JURISDICCION INDIGENA)');
INSERT INTO public.delito (id_delito, id_subtitulo_delito, nombre) VALUES(164, (select id_subtitulo_delito from public.subtitulo_delito where nombre = 'DELITOS CONTRA LOS ANIMALES'),'INVASION DE AREAS DE ESPECIAL IMPORTANCIA ECOLOGICA');
INSERT INTO public.delito (id_delito, id_subtitulo_delito, nombre) VALUES(165, (select id_subtitulo_delito from public.subtitulo_delito where nombre = 'DE LA ESTAFA'),'INVASION DE TIERRAS O EDIFICACIONES');
INSERT INTO public.delito (id_delito, id_subtitulo_delito, nombre) VALUES(166, (select id_subtitulo_delito from public.subtitulo_delito where nombre = 'APODERAMIENTO Y DESVIO DE AERONAVES NAVES O MEDIOS DE TRANSPORTE COLECTIVO'),'IRRESPETO A CADAVERES');
INSERT INTO public.delito (id_delito, id_subtitulo_delito, nombre) VALUES(167, (select id_subtitulo_delito from public.subtitulo_delito where nombre = 'DE LA URBANIZACION ILEGAL'),'LAVADO DE ACTIVOS');
INSERT INTO public.delito (id_delito, id_subtitulo_delito, nombre) VALUES(168, (select id_subtitulo_delito from public.subtitulo_delito where nombre = 'DE LA MANIPULACION GENETICA'),'LESIONES AL FETO');
INSERT INTO public.delito (id_delito, id_subtitulo_delito, nombre) VALUES(169, (select id_subtitulo_delito from public.subtitulo_delito where nombre = 'DE LA MANIPULACION GENETICA'),'LESIONES CON AGENTES QUIMICOS, ACIDO Y/O SUSTANCIAS SIMILARES');
INSERT INTO public.delito (id_delito, id_subtitulo_delito, nombre) VALUES(170, (select id_subtitulo_delito from public.subtitulo_delito where nombre = 'DE LA MANIPULACION GENETICA'),'LESIONES CULPOSAS');
INSERT INTO public.delito (id_delito, id_subtitulo_delito, nombre) VALUES(171, (select id_subtitulo_delito from public.subtitulo_delito where nombre = 'DELITOS CONTRA PERSONAS Y BIENES PROTEGIDOS POR EL DERECHO INTERNACIONAL HUMANITARIO'),'LESIONES EN PERSONA PROTEGIDA');
INSERT INTO public.delito (id_delito, id_subtitulo_delito, nombre) VALUES(172, (select id_subtitulo_delito from public.subtitulo_delito where nombre = 'DE LA MANIPULACION GENETICA'),'LESIONES PERSONALES');
INSERT INTO public.delito (id_delito, id_subtitulo_delito, nombre) VALUES(173, (select id_subtitulo_delito from public.subtitulo_delito where nombre = 'DE LA MANIPULACION GENETICA'),'LESIONES PERSONALES CAUSANDO DEFORMIDAD');
INSERT INTO public.delito (id_delito, id_subtitulo_delito, nombre) VALUES(174, (select id_subtitulo_delito from public.subtitulo_delito where nombre = 'DE LA MANIPULACION GENETICA'),'LESIONES PERSONALES CAUSANDO INCAPACIDAD PARA TRABAJAR O ENFERMEDAD.');
INSERT INTO public.delito (id_delito, id_subtitulo_delito, nombre) VALUES(175, (select id_subtitulo_delito from public.subtitulo_delito where nombre = 'DE LA MANIPULACION GENETICA'),'LESIONES PERSONALES CAUSANDO PERDIDA ANATOMICA O FUNCIONAL DE UN ORGANO O MIEMBRO.');
INSERT INTO public.delito (id_delito, id_subtitulo_delito, nombre) VALUES(176, (select id_subtitulo_delito from public.subtitulo_delito where nombre = 'DE LA MANIPULACION GENETICA'),'LESIONES PERSONALES CAUSANDO PERTURBACION FUNCIONAL');
INSERT INTO public.delito (id_delito, id_subtitulo_delito, nombre) VALUES(177, (select id_subtitulo_delito from public.subtitulo_delito where nombre = 'DE LA MANIPULACION GENETICA'),'LESIONES PERSONALES CAUSANDO PERTURBACION PSIQUICA');
INSERT INTO public.delito (id_delito, id_subtitulo_delito, nombre) VALUES(178, (select id_subtitulo_delito from public.subtitulo_delito where nombre = 'DE LA ADOPCION IRREGULAR'),'MALTRATO MEDIANTE RESTRICCION A LA LIBERTAD FISICA');
INSERT INTO public.delito (id_delito, id_subtitulo_delito, nombre) VALUES(179, (select id_subtitulo_delito from public.subtitulo_delito where nombre = 'DE LOS ATENTADOS CONTRA LA CONFIDENCIALIDAD, LA INTEGRIDAD Y LA DISPONIBILIDAD DE LOS DATOS Y DE LOS SISTEMAS INFORMATICOS'),'MANIPULACIÓN DE EQUIPOS TERMINALES MÓVILES');
INSERT INTO public.delito (id_delito, id_subtitulo_delito, nombre) VALUES(180, (select id_subtitulo_delito from public.subtitulo_delito where nombre = 'DE LA URBANIZACION ILEGAL'),'MANIPULACION FRAUDULENTA DE ESPECIES INSCRITAS EN EL REGISTRO NACIONAL DE VALORES E INTERMEDIARIOS');
INSERT INTO public.delito (id_delito, id_subtitulo_delito, nombre) VALUES(181, (select id_subtitulo_delito from public.subtitulo_delito where nombre = 'DE LA CORRUPCION DE MENORES'),'MOTIVACION AL DESACATO DE LAS DECISIONES DE LA AUTORIDAD TRADICIONAL (NOTA:SOLO PARA JURISDICCION INDIGENA)');
INSERT INTO public.delito (id_delito, id_subtitulo_delito, nombre) VALUES(182, (select id_subtitulo_delito from public.subtitulo_delito where nombre = 'DE LOS ATENTADOS CONTRA LA CONFIDENCIALIDAD, LA INTEGRIDAD Y LA DISPONIBILIDAD DE LOS DATOS Y DE LOS SISTEMAS INFORMATICOS'),'OBSTACULIZACION ILEGITIMA DE SISTEMA INFORMATICO O RED DE TELECOMUNICACION');
INSERT INTO public.delito (id_delito, id_subtitulo_delito, nombre) VALUES(183, (select id_subtitulo_delito from public.subtitulo_delito where nombre = 'DE LA FALSEDAD EN DOCUMENTOS'),'OBTENCION DE DOCUMENTO PUBLICO FALSO');
INSERT INTO public.delito (id_delito, id_subtitulo_delito, nombre) VALUES(184, (select id_subtitulo_delito from public.subtitulo_delito where nombre = 'DE LA VIOLACION AL EJERCICIO DE MECANISMOS DE PARTICIPACION DEMOCRATICA'),'OCULTAMIENTO  RETENCION Y POSESION ILICITA DE CEDULA');
INSERT INTO public.delito (id_delito, id_subtitulo_delito, nombre) VALUES(185, (select id_subtitulo_delito from public.subtitulo_delito where nombre = 'DE LA FUGA DE PRESOS'),'OCULTAMIENTO, ALTERACIÓN O DESTRUCCIÓN DE ELEMENTO MATERIAL PROBATORIO');
INSERT INTO public.delito (id_delito, id_subtitulo_delito, nombre) VALUES(186, (select id_subtitulo_delito from public.subtitulo_delito where nombre = 'DE LA FUGA DE PRESOS'),'OMISION DE DENUNCIA DE PARTICULAR');
INSERT INTO public.delito (id_delito, id_subtitulo_delito, nombre) VALUES(187, (select id_subtitulo_delito from public.subtitulo_delito where nombre = 'DE LA CELEBRACION INDEBIDA DE CONTRATOS'),'OMISION DEL AGENTE RETENEDOR O RECAUDADOR');
INSERT INTO public.delito (id_delito, id_subtitulo_delito, nombre) VALUES(188, (select id_subtitulo_delito from public.subtitulo_delito where nombre = 'DE LA MANIPULACION GENETICA'),'PARTO O ABORTO PRETERINTENCIONAL');
INSERT INTO public.delito (id_delito, id_subtitulo_delito, nombre) VALUES(189, (select id_subtitulo_delito from public.subtitulo_delito where nombre = 'DE LA CELEBRACION INDEBIDA DE CONTRATOS'),'PECULADO CULPOSO');
INSERT INTO public.delito (id_delito, id_subtitulo_delito, nombre) VALUES(190, (select id_subtitulo_delito from public.subtitulo_delito where nombre = 'DE LA CELEBRACION INDEBIDA DE CONTRATOS'),'PECULADO POR APLICACION OFICIAL DIFERENTE');
INSERT INTO public.delito (id_delito, id_subtitulo_delito, nombre) VALUES(191, (select id_subtitulo_delito from public.subtitulo_delito where nombre = 'DE LA CELEBRACION INDEBIDA DE CONTRATOS'),'PECULADO POR APROPIACION');
INSERT INTO public.delito (id_delito, id_subtitulo_delito, nombre) VALUES(192, (select id_subtitulo_delito from public.subtitulo_delito where nombre = 'DE LA CELEBRACION INDEBIDA DE CONTRATOS'),'PECULADO POR EXTENSION');
INSERT INTO public.delito (id_delito, id_subtitulo_delito, nombre) VALUES(193, (select id_subtitulo_delito from public.subtitulo_delito where nombre = 'DE LA CELEBRACION INDEBIDA DE CONTRATOS'),'PECULADO POR USO');
INSERT INTO public.delito (id_delito, id_subtitulo_delito, nombre) VALUES(194, (select id_subtitulo_delito from public.subtitulo_delito where nombre = 'DEL PECULADO'),'PECULADO SOBRE BIENES DE DOTACION');
INSERT INTO public.delito (id_delito, id_subtitulo_delito, nombre) VALUES(195, (select id_subtitulo_delito from public.subtitulo_delito where nombre = 'DE LA VIOLACION AL EJERCICIO DE MECANISMOS DE PARTICIPACION DEMOCRATICA'),'PERTURBACION DE CERTAMEN DEMOCRATICO');
INSERT INTO public.delito (id_delito, id_subtitulo_delito, nombre) VALUES(196, (select id_subtitulo_delito from public.subtitulo_delito where nombre = 'DE LA ESTAFA'),'PERTURBACION DE LA POSESION SOBRE INMUEBLE');
INSERT INTO public.delito (id_delito, id_subtitulo_delito, nombre) VALUES(197, (select id_subtitulo_delito from public.subtitulo_delito where nombre = 'DE LOS DELITOS DE PELIGRO COMUN O QUE PUEDEN OCASIONAR GRAVE PERJUICIO PARA LA COMUNIDAD Y OTRAS INFRACCIONES'),'PERTURBACION EN SERVICIO DE TRANSPORTE COLECTIVO U OFICIAL');
INSERT INTO public.delito (id_delito, id_subtitulo_delito, nombre) VALUES(198, (select id_subtitulo_delito from public.subtitulo_delito where nombre = 'DE LA VIOLACION'),'PORNOGRAFIA CON MENORES');
INSERT INTO public.delito (id_delito, id_subtitulo_delito, nombre) VALUES(199, (select id_subtitulo_delito from public.subtitulo_delito where nombre = 'DE LAS AFECTACIONES A LA SALUD PUBLICA'),'PORTE DE SUSTANCIAS');
INSERT INTO public.delito (id_delito, id_subtitulo_delito, nombre) VALUES(200, (select id_subtitulo_delito from public.subtitulo_delito where nombre = 'DE LA CELEBRACION INDEBIDA DE CONTRATOS'),'PREVARICATO POR ACCION');
INSERT INTO public.delito (id_delito, id_subtitulo_delito, nombre) VALUES(201, (select id_subtitulo_delito from public.subtitulo_delito where nombre = 'DE LA CELEBRACION INDEBIDA DE CONTRATOS'),'PREVARICATO POR OMISION');
INSERT INTO public.delito (id_delito, id_subtitulo_delito, nombre) VALUES(202, (select id_subtitulo_delito from public.subtitulo_delito where nombre = 'APODERAMIENTO Y DESVIO DE AERONAVES NAVES O MEDIOS DE TRANSPORTE COLECTIVO'),'PRIVACION ILEGAL DE LIBERTAD');
INSERT INTO public.delito (id_delito, id_subtitulo_delito, nombre) VALUES(203, (select id_subtitulo_delito from public.subtitulo_delito where nombre = 'APODERAMIENTO Y DESVIO DE AERONAVES NAVES O MEDIOS DE TRANSPORTE COLECTIVO'),'PROLONGACION ILICITA DE PRIVACION DE LA LIBERTAD');
INSERT INTO public.delito (id_delito, id_subtitulo_delito, nombre) VALUES(204, (select id_subtitulo_delito from public.subtitulo_delito where nombre = 'DE LAS AFECTACIONES A LA SALUD PUBLICA'),'PROPAGACION DEL VIRUS DE INMUNODEFICIENCIA HUMANA O DE LA HEPATITIS B');
INSERT INTO public.delito (id_delito, id_subtitulo_delito, nombre) VALUES(205, (select id_subtitulo_delito from public.subtitulo_delito where nombre = 'DE LA VIOLACION'),'PROXENITISMO CON MENOR DE EDAD');
INSERT INTO public.delito (id_delito, id_subtitulo_delito, nombre) VALUES(206, (select id_subtitulo_delito from public.subtitulo_delito where nombre = 'DE LA REBELION SEDICION Y ASONADA'),'REBELION');
INSERT INTO public.delito (id_delito, id_subtitulo_delito, nombre) VALUES(207, (select id_subtitulo_delito from public.subtitulo_delito where nombre = 'DE LA FUGA DE PRESOS'),'RECEPTACION');
INSERT INTO public.delito (id_delito, id_subtitulo_delito, nombre) VALUES(208, (select id_subtitulo_delito from public.subtitulo_delito where nombre = 'DE LA URBANIZACION ILEGAL'),'RECEPTACION DE HIDROCARBUROS');
INSERT INTO public.delito (id_delito, id_subtitulo_delito, nombre) VALUES(209, (select id_subtitulo_delito from public.subtitulo_delito where nombre = 'DELITOS CONTRA PERSONAS Y BIENES PROTEGIDOS POR EL DERECHO INTERNACIONAL HUMANITARIO'),'RECLUTAMIENTO ILICITO');
INSERT INTO public.delito (id_delito, id_subtitulo_delito, nombre) VALUES(210, (select id_subtitulo_delito from public.subtitulo_delito where nombre = 'DE LA CELEBRACION INDEBIDA DE CONTRATOS'),'REVELACION DE SECRETO');
INSERT INTO public.delito (id_delito, id_subtitulo_delito, nombre) VALUES(211, (select id_subtitulo_delito from public.subtitulo_delito where nombre = 'APODERAMIENTO Y DESVIO DE AERONAVES NAVES O MEDIOS DE TRANSPORTE COLECTIVO'),'SECUESTRO EXTORSIVO');
INSERT INTO public.delito (id_delito, id_subtitulo_delito, nombre) VALUES(212, (select id_subtitulo_delito from public.subtitulo_delito where nombre = 'APODERAMIENTO Y DESVIO DE AERONAVES NAVES O MEDIOS DE TRANSPORTE COLECTIVO'),'SECUESTRO SIMPLE');
INSERT INTO public.delito (id_delito, id_subtitulo_delito, nombre) VALUES(213, (select id_subtitulo_delito from public.subtitulo_delito where nombre = 'DE LA REBELION SEDICION Y ASONADA'),'SEDICION');
INSERT INTO public.delito (id_delito, id_subtitulo_delito, nombre) VALUES(214, (select id_subtitulo_delito from public.subtitulo_delito where nombre = 'DE LA CELEBRACION INDEBIDA DE CONTRATOS'),'SIMULACION DE INVESTIDURA O CARGO');
INSERT INTO public.delito (id_delito, id_subtitulo_delito, nombre) VALUES(215, (select id_subtitulo_delito from public.subtitulo_delito where nombre = 'DE LA FUGA DE PRESOS'),'SOBORNO');
INSERT INTO public.delito (id_delito, id_subtitulo_delito, nombre) VALUES(216, (select id_subtitulo_delito from public.subtitulo_delito where nombre = 'DE LAS AFECTACIONES A LA SALUD PUBLICA'),'SUMINISTRO A MENOR');
INSERT INTO public.delito (id_delito, id_subtitulo_delito, nombre) VALUES(217, (select id_subtitulo_delito from public.subtitulo_delito where nombre = 'DE LOS ATENTADOS CONTRA LA CONFIDENCIALIDAD, LA INTEGRIDAD Y LA DISPONIBILIDAD DE LOS DATOS Y DE LOS SISTEMAS INFORMATICOS'),'SUPLANTACION DE SITIOS WEB PARA CAPTURAR DATOS PERSONALES');
INSERT INTO public.delito (id_delito, id_subtitulo_delito, nombre) VALUES(218, (select id_subtitulo_delito from public.subtitulo_delito where nombre = 'DE LA ADOPCION IRREGULAR'),'SUPRESION ALTERACION O SUPOSICION DEL ESTADO CIVIL');
INSERT INTO public.delito (id_delito, id_subtitulo_delito, nombre) VALUES(219, (select id_subtitulo_delito from public.subtitulo_delito where nombre = 'DE LA ESTAFA'),'SUSTRACCION DE BIEN PROPIO');
INSERT INTO public.delito (id_delito, id_subtitulo_delito, nombre) VALUES(220, (select id_subtitulo_delito from public.subtitulo_delito where nombre = 'DE LOS DELITOS DE PELIGRO COMUN O QUE PUEDEN OCASIONAR GRAVE PERJUICIO PARA LA COMUNIDAD Y OTRAS INFRACCIONES'),'TENENCIA FABRICACION Y TRAFICO DE SUSTANCIAS U OBJETOS PELIGROSOS');
INSERT INTO public.delito (id_delito, id_subtitulo_delito, nombre) VALUES(221, (select id_subtitulo_delito from public.subtitulo_delito where nombre = 'DE LOS DELITOS DE PELIGRO COMUN O QUE PUEDEN OCASIONAR GRAVE PERJUICIO PARA LA COMUNIDAD Y OTRAS INFRACCIONES'),'TENENCIA FABRICACION Y TRAFICO DE SUSTANCIAS U OBJETOS PELIGROSOS CULPOSA');
INSERT INTO public.delito (id_delito, id_subtitulo_delito, nombre) VALUES(222, (select id_subtitulo_delito from public.subtitulo_delito where nombre = 'DE LOS DELITOS DE PELIGRO COMUN O QUE PUEDEN OCASIONAR GRAVE PERJUICIO PARA LA COMUNIDAD Y OTRAS INFRACCIONES'),'TERRORISMO');
INSERT INTO public.delito (id_delito, id_subtitulo_delito, nombre) VALUES(223, (select id_subtitulo_delito from public.subtitulo_delito where nombre = 'DE LA URBANIZACION ILEGAL'),'TESTAFERRATO');
INSERT INTO public.delito (id_delito, id_subtitulo_delito, nombre) VALUES(224, (select id_subtitulo_delito from public.subtitulo_delito where nombre = 'DELITOS CONTRA PERSONAS Y BIENES PROTEGIDOS POR EL DERECHO INTERNACIONAL HUMANITARIO'),'TOMA DE REHENES');
INSERT INTO public.delito (id_delito, id_subtitulo_delito, nombre) VALUES(225, (select id_subtitulo_delito from public.subtitulo_delito where nombre = 'APODERAMIENTO Y DESVIO DE AERONAVES NAVES O MEDIOS DE TRANSPORTE COLECTIVO'),'TORTURA');
INSERT INTO public.delito (id_delito, id_subtitulo_delito, nombre) VALUES(226, (select id_subtitulo_delito from public.subtitulo_delito where nombre = 'DELITOS CONTRA PERSONAS Y BIENES PROTEGIDOS POR EL DERECHO INTERNACIONAL HUMANITARIO'),'TORTURA EN PERSONA PROTEGIDA');
INSERT INTO public.delito (id_delito, id_subtitulo_delito, nombre) VALUES(227, (select id_subtitulo_delito from public.subtitulo_delito where nombre = 'DE LA CELEBRACION INDEBIDA DE CONTRATOS'),'TRAFICO DE INFLUENCIA DE PARTICULAR (ART. 411A LEY 599)');
INSERT INTO public.delito (id_delito, id_subtitulo_delito, nombre) VALUES(228, (select id_subtitulo_delito from public.subtitulo_delito where nombre = 'DE LA FALSEDAD EN DOCUMENTOS'),'TRAFICO DE MONEDA FALSIFICADA');
INSERT INTO public.delito (id_delito, id_subtitulo_delito, nombre) VALUES(229, (select id_subtitulo_delito from public.subtitulo_delito where nombre = 'APODERAMIENTO Y DESVIO DE AERONAVES NAVES O MEDIOS DE TRANSPORTE COLECTIVO'),'TRÁFICO DE NIÑAS, NIÑOS Y ADOLESCENTES');
INSERT INTO public.delito (id_delito, id_subtitulo_delito, nombre) VALUES(230, (select id_subtitulo_delito from public.subtitulo_delito where nombre = 'DE LAS AFECTACIONES A LA SALUD PUBLICA'),'TRAFICO DE SUSTANCIAS PARA PROCESAMIENTO DE NARCOTICOS');
INSERT INTO public.delito (id_delito, id_subtitulo_delito, nombre) VALUES(231, (select id_subtitulo_delito from public.subtitulo_delito where nombre = 'DE LA FALSEDAD EN DOCUMENTOS'),'TRAFICO ELABORACION Y TENENCIA DE ELEMENTOS DESTINADOS A LA FALSIFICACION DE MONEDA');
INSERT INTO public.delito (id_delito, id_subtitulo_delito, nombre) VALUES(232, (select id_subtitulo_delito from public.subtitulo_delito where nombre = 'DE LAS AFECTACIONES A LA SALUD PUBLICA'),'TRAFICO FABRICACION O PORTE DE ESTUPEFACIENTES');
INSERT INTO public.delito (id_delito, id_subtitulo_delito, nombre) VALUES(233, (select id_subtitulo_delito from public.subtitulo_delito where nombre = 'DE LOS ATENTADOS CONTRA LA CONFIDENCIALIDAD, LA INTEGRIDAD Y LA DISPONIBILIDAD DE LOS DATOS Y DE LOS SISTEMAS INFORMATICOS'),'TRANSFERENCIA NO CONSENTIDA DE ACTIVOS');
INSERT INTO public.delito (id_delito, id_subtitulo_delito, nombre) VALUES(234, (select id_subtitulo_delito from public.subtitulo_delito where nombre = 'APODERAMIENTO Y DESVIO DE AERONAVES NAVES O MEDIOS DE TRANSPORTE COLECTIVO'),'TRATA DE PERSONAS');
INSERT INTO public.delito (id_delito, id_subtitulo_delito, nombre) VALUES(235, (select id_subtitulo_delito from public.subtitulo_delito where nombre = 'DE LA VIOLACION'),'TRATA DE PERSONAS');
INSERT INTO public.delito (id_delito, id_subtitulo_delito, nombre) VALUES(236, (select id_subtitulo_delito from public.subtitulo_delito where nombre = 'DE LA URBANIZACION ILEGAL'),'URBANIZACION ILEGAL');
INSERT INTO public.delito (id_delito, id_subtitulo_delito, nombre) VALUES(237, (select id_subtitulo_delito from public.subtitulo_delito where nombre = 'DE LA FALSEDAD EN DOCUMENTOS'),'USO DE DOCUMENTO FALSO');
INSERT INTO public.delito (id_delito, id_subtitulo_delito, nombre) VALUES(238, (select id_subtitulo_delito from public.subtitulo_delito where nombre = 'APODERAMIENTO Y DESVIO DE AERONAVES NAVES O MEDIOS DE TRANSPORTE COLECTIVO'),'USO DE MENORES DE EDAD PARA LA COMISION DE DELITOS');
INSERT INTO public.delito (id_delito, id_subtitulo_delito, nombre) VALUES(239, (select id_subtitulo_delito from public.subtitulo_delito where nombre = 'DE LOS ATENTADOS CONTRA LA CONFIDENCIALIDAD, LA INTEGRIDAD Y LA DISPONIBILIDAD DE LOS DATOS Y DE LOS SISTEMAS INFORMATICOS'),'USO DE SOFTWARE MALICIOSO');
INSERT INTO public.delito (id_delito, id_subtitulo_delito, nombre) VALUES(240, (select id_subtitulo_delito from public.subtitulo_delito where nombre = 'DE LA URBANIZACION ILEGAL'),'USO ILEGITIMO DE PATENTES');
INSERT INTO public.delito (id_delito, id_subtitulo_delito, nombre) VALUES(241, (select id_subtitulo_delito from public.subtitulo_delito where nombre = 'DE LA URBANIZACION ILEGAL'),'USURPACIÓN DE DERECHOS DE PROPIEDAD INDUSTRIAL Y DERECHOS DE OBTENTORES DE VARIEDADES VEGETALES');
INSERT INTO public.delito (id_delito, id_subtitulo_delito, nombre) VALUES(242, (select id_subtitulo_delito from public.subtitulo_delito where nombre = 'DE LA CELEBRACION INDEBIDA DE CONTRATOS'),'USURPACION DE FUNCIONES PUBLICAS');
INSERT INTO public.delito (id_delito, id_subtitulo_delito, nombre) VALUES(243, (select id_subtitulo_delito from public.subtitulo_delito where nombre = 'DE LA URBANIZACION ILEGAL'),'USURPACION DE MARCAS Y PATENTES');
INSERT INTO public.delito (id_delito, id_subtitulo_delito, nombre) VALUES(244, (select id_subtitulo_delito from public.subtitulo_delito where nombre = 'DELITOS CONTRA PERSONAS Y BIENES PROTEGIDOS POR EL DERECHO INTERNACIONAL HUMANITARIO'),'UTILIZACION DE MEDIOS Y METODOS DE GUERRA ILICITOS');
INSERT INTO public.delito (id_delito, id_subtitulo_delito, nombre) VALUES(245, (select id_subtitulo_delito from public.subtitulo_delito where nombre = 'DE LOS DELITOS DE PELIGRO COMUN O QUE PUEDEN OCASIONAR GRAVE PERJUICIO PARA LA COMUNIDAD Y OTRAS INFRACCIONES'),'UTILIZACION ILEGAL DE UNIFORMES E INSIGNIAS');
INSERT INTO public.delito (id_delito, id_subtitulo_delito, nombre) VALUES(246, (select id_subtitulo_delito from public.subtitulo_delito where nombre = 'APODERAMIENTO Y DESVIO DE AERONAVES NAVES O MEDIOS DE TRANSPORTE COLECTIVO'),'UTILIZACION ILICITA DE EQUIPOS TRANSMISORES O RECEPTORES');
INSERT INTO public.delito (id_delito, id_subtitulo_delito, nombre) VALUES(247, (select id_subtitulo_delito from public.subtitulo_delito where nombre = 'APODERAMIENTO Y DESVIO DE AERONAVES NAVES O MEDIOS DE TRANSPORTE COLECTIVO'),'UTILIZACIÓN ILÍCITA DE REDES DE COMUNICACIONES');
INSERT INTO public.delito (id_delito, id_subtitulo_delito, nombre) VALUES(248, (select id_subtitulo_delito from public.subtitulo_delito where nombre = 'DE LA ESTAFA'),'UTILIZACION INDEBIDA DE INFORMACION PRIVILEGIADA');
INSERT INTO public.delito (id_delito, id_subtitulo_delito, nombre) VALUES(249, (select id_subtitulo_delito from public.subtitulo_delito where nombre = 'DE LA VIOLACION'),'UTILIZACION O FACILITACION DE MEDIOS DE COMUNICACION PARA OFRECER ACTIVIDADES SEXUALES CON PERSONAS MENORES DE 18 AÑOS');
INSERT INTO public.delito (id_delito, id_subtitulo_delito, nombre) VALUES(250, (select id_subtitulo_delito from public.subtitulo_delito where nombre = 'DE LA CORRUPCION DE MENORES'),'VIOLACION A LAS NORMAS INTERNAS DEL RESGUARDO (NOTA:SOLO PARA JURISDICCION INDIGENA)');
INSERT INTO public.delito (id_delito, id_subtitulo_delito, nombre) VALUES(251, (select id_subtitulo_delito from public.subtitulo_delito where nombre = 'DE LA VIOLACIÓN A LOS DERECHOS DE AUTOR LEY 44 DE 1993'),'VIOLACIÓN A LOS DERECHOS DE AUTOR ART. 51 LEY 44 DE 1993');
INSERT INTO public.delito (id_delito, id_subtitulo_delito, nombre) VALUES(252, (select id_subtitulo_delito from public.subtitulo_delito where nombre = 'DE LA VIOLACIÓN A LOS DERECHOS DE AUTOR LEY 44 DE 1993'),'VIOLACION A LOS DERECHOS MORALES DE AUTOR');
INSERT INTO public.delito (id_delito, id_subtitulo_delito, nombre) VALUES(253, (select id_subtitulo_delito from public.subtitulo_delito where nombre = 'DE LA VIOLACIÓN A LOS DERECHOS DE AUTOR LEY 44 DE 1993'),'VIOLACION A LOS MECANISMOS DE PROTECCION DE LOS DERECHOS PATRIMONIALES DE AUTOR Y OTRAS DEFRAUDACIONES');
INSERT INTO public.delito (id_delito, id_subtitulo_delito, nombre) VALUES(254, (select id_subtitulo_delito from public.subtitulo_delito where nombre = 'DE LOS ATENTADOS CONTRA LA CONFIDENCIALIDAD, LA INTEGRIDAD Y LA DISPONIBILIDAD DE LOS DATOS Y DE LOS SISTEMAS INFORMATICOS'),'VIOLACION DE DATOS PERSONALES');
INSERT INTO public.delito (id_delito, id_subtitulo_delito, nombre) VALUES(255, (select id_subtitulo_delito from public.subtitulo_delito where nombre = 'DELITOS CONTRA LOS ANIMALES'),'VIOLACION DE FRONTERAS PARA LA EXPLOTACION DE RECURSOS NATURALES');
INSERT INTO public.delito (id_delito, id_subtitulo_delito, nombre) VALUES(256, (select id_subtitulo_delito from public.subtitulo_delito where nombre = 'APODERAMIENTO Y DESVIO DE AERONAVES NAVES O MEDIOS DE TRANSPORTE COLECTIVO'),'VIOLACION DE HABITACION AJENA');
INSERT INTO public.delito (id_delito, id_subtitulo_delito, nombre) VALUES(257, (select id_subtitulo_delito from public.subtitulo_delito where nombre = 'DE LAS AFECTACIONES A LA SALUD PUBLICA'),'VIOLACION DE MEDIDAS SANITARIAS');
INSERT INTO public.delito (id_delito, id_subtitulo_delito, nombre) VALUES(258, (select id_subtitulo_delito from public.subtitulo_delito where nombre = 'DE LA CELEBRACION INDEBIDA DE CONTRATOS'),'VIOLACION DEL REGIMEN LEGAL O CONSTITUCIONAL DE INHABILIDADES E INCOMPATIBILIDADES');
INSERT INTO public.delito (id_delito, id_subtitulo_delito, nombre) VALUES(259, (select id_subtitulo_delito from public.subtitulo_delito where nombre = 'APODERAMIENTO Y DESVIO DE AERONAVES NAVES O MEDIOS DE TRANSPORTE COLECTIVO'),'VIOLACION EN LUGAR DE TRABAJO');
INSERT INTO public.delito (id_delito, id_subtitulo_delito, nombre) VALUES(260, (select id_subtitulo_delito from public.subtitulo_delito where nombre = 'APODERAMIENTO Y DESVIO DE AERONAVES NAVES O MEDIOS DE TRANSPORTE COLECTIVO'),'VIOLACION ILICITA DE COMUNICACIONES');
INSERT INTO public.delito (id_delito, id_subtitulo_delito, nombre) VALUES(261, (select id_subtitulo_delito from public.subtitulo_delito where nombre = 'DE LA CELEBRACION INDEBIDA DE CONTRATOS'),'VIOLENCIA CONTRA SERVIDOR PUBLICO');
INSERT INTO public.delito (id_delito, id_subtitulo_delito, nombre) VALUES(262, (select id_subtitulo_delito from public.subtitulo_delito where nombre = 'DE LA ADOPCION IRREGULAR'),'VIOLENCIA INTRAFAMILIAR');





INSERT INTO public.departamento (id_departamento, codigo_dane, nombre) VALUES(1,'91','AMAZONAS');
INSERT INTO public.departamento (id_departamento, codigo_dane, nombre) VALUES(2,'05','ANTIOQUIA');
INSERT INTO public.departamento (id_departamento, codigo_dane, nombre) VALUES(3,'81','ARAUCA');
INSERT INTO public.departamento (id_departamento, codigo_dane, nombre) VALUES(4,'08','ATLANTICO');
INSERT INTO public.departamento (id_departamento, codigo_dane, nombre) VALUES(5,'11','BOGOTA D.C.');
INSERT INTO public.departamento (id_departamento, codigo_dane, nombre) VALUES(6,'13','BOLIVAR');
INSERT INTO public.departamento (id_departamento, codigo_dane, nombre) VALUES(7,'15','BOYACA');
INSERT INTO public.departamento (id_departamento, codigo_dane, nombre) VALUES(8,'17','CALDAS');
INSERT INTO public.departamento (id_departamento, codigo_dane, nombre) VALUES(9,'18','CAQUETA');
INSERT INTO public.departamento (id_departamento, codigo_dane, nombre) VALUES(10,'85','CASANARE');
INSERT INTO public.departamento (id_departamento, codigo_dane, nombre) VALUES(11,'19','CAUCA');
INSERT INTO public.departamento (id_departamento, codigo_dane, nombre) VALUES(12,'20','CESAR');
INSERT INTO public.departamento (id_departamento, codigo_dane, nombre) VALUES(13,'27','CHOCO');
INSERT INTO public.departamento (id_departamento, codigo_dane, nombre) VALUES(14,'23','CORDOBA');
INSERT INTO public.departamento (id_departamento, codigo_dane, nombre) VALUES(15,'25','CUNDINAMARCA');
INSERT INTO public.departamento (id_departamento, codigo_dane, nombre) VALUES(16,'41','HUILA');
INSERT INTO public.departamento (id_departamento, codigo_dane, nombre) VALUES(17,'44','LA GUAJIRA');
INSERT INTO public.departamento (id_departamento, codigo_dane, nombre) VALUES(18,'47','MAGDALENA');
INSERT INTO public.departamento (id_departamento, codigo_dane, nombre) VALUES(19,'50','META');
INSERT INTO public.departamento (id_departamento, codigo_dane, nombre) VALUES(20,'52','NARIÑO');
INSERT INTO public.departamento (id_departamento, codigo_dane, nombre) VALUES(21,'54','NORTE DE SANTANDER');
INSERT INTO public.departamento (id_departamento, codigo_dane, nombre) VALUES(22,'86','PUTUMAYO');
INSERT INTO public.departamento (id_departamento, codigo_dane, nombre) VALUES(23,'63','QUINDIO');
INSERT INTO public.departamento (id_departamento, codigo_dane, nombre) VALUES(24,'66','RISARALDA');
INSERT INTO public.departamento (id_departamento, codigo_dane, nombre) VALUES(25,'88','SAN ANDRES Y PROVIDENCIA');
INSERT INTO public.departamento (id_departamento, codigo_dane, nombre) VALUES(26,'68','SANTANDER');
INSERT INTO public.departamento (id_departamento, codigo_dane, nombre) VALUES(27,'70','SUCRE');
INSERT INTO public.departamento (id_departamento, codigo_dane, nombre) VALUES(28,'73','TOLIMA');
INSERT INTO public.departamento (id_departamento, codigo_dane, nombre) VALUES(29,'76','VALLE DEL CAUCA');


INSERT INTO public.municipio (id_municipio, codigo_dane, nombre, departamento) VALUES(1,'','ACACIAS',(select id_departamento from public.departamento where nombre = 'META'));
INSERT INTO public.municipio (id_municipio, codigo_dane, nombre, departamento) VALUES(2,'','AGUACHICA',(select id_departamento from public.departamento where nombre = 'CESAR'));
INSERT INTO public.municipio (id_municipio, codigo_dane, nombre, departamento) VALUES(3,'','AGUADAS',(select id_departamento from public.departamento where nombre = 'CALDAS'));
INSERT INTO public.municipio (id_municipio, codigo_dane, nombre, departamento) VALUES(4,'','ANDES',(select id_departamento from public.departamento where nombre = 'ANTIOQUIA'));
INSERT INTO public.municipio (id_municipio, codigo_dane, nombre, departamento) VALUES(5,'','ANSERMA',(select id_departamento from public.departamento where nombre = 'CALDAS'));
INSERT INTO public.municipio (id_municipio, codigo_dane, nombre, departamento) VALUES(6,'','APARTADO',(select id_departamento from public.departamento where nombre = 'ANTIOQUIA'));
INSERT INTO public.municipio (id_municipio, codigo_dane, nombre, departamento) VALUES(7,'','ARAUCA',(select id_departamento from public.departamento where nombre = 'ARAUCA'));
INSERT INTO public.municipio (id_municipio, codigo_dane, nombre, departamento) VALUES(8,'','ARMENIA',(select id_departamento from public.departamento where nombre = 'QUINDIO'));
INSERT INTO public.municipio (id_municipio, codigo_dane, nombre, departamento) VALUES(9,'','BARRANCABERMEJA',(select id_departamento from public.departamento where nombre = 'SANTANDER'));
INSERT INTO public.municipio (id_municipio, codigo_dane, nombre, departamento) VALUES(10,'','BARRANQUILLA',(select id_departamento from public.departamento where nombre = 'ATLANTICO'));
INSERT INTO public.municipio (id_municipio, codigo_dane, nombre, departamento) VALUES(11,'','BOGOTA D.C.',(select id_departamento from public.departamento where nombre = 'BOGOTA D.C.'));
INSERT INTO public.municipio (id_municipio, codigo_dane, nombre, departamento) VALUES(12,'','BOLIVAR',(select id_departamento from public.departamento where nombre = 'ANTIOQUIA'));
INSERT INTO public.municipio (id_municipio, codigo_dane, nombre, departamento) VALUES(13,'','BOLIVAR',(select id_departamento from public.departamento where nombre = 'CAUCA'));
INSERT INTO public.municipio (id_municipio, codigo_dane, nombre, departamento) VALUES(14,'','BUCARAMANGA',(select id_departamento from public.departamento where nombre = 'SANTANDER'));
INSERT INTO public.municipio (id_municipio, codigo_dane, nombre, departamento) VALUES(15,'','BUENAVENTURA',(select id_departamento from public.departamento where nombre = 'VALLE DEL CAUCA'));
INSERT INTO public.municipio (id_municipio, codigo_dane, nombre, departamento) VALUES(16,'','BUGA',(select id_departamento from public.departamento where nombre = 'VALLE DEL CAUCA'));
INSERT INTO public.municipio (id_municipio, codigo_dane, nombre, departamento) VALUES(17,'','CAICEDONIA',(select id_departamento from public.departamento where nombre = 'VALLE DEL CAUCA'));
INSERT INTO public.municipio (id_municipio, codigo_dane, nombre, departamento) VALUES(18,'','CALARCA',(select id_departamento from public.departamento where nombre = 'QUINDIO'));
INSERT INTO public.municipio (id_municipio, codigo_dane, nombre, departamento) VALUES(19,'','CAQUEZA',(select id_departamento from public.departamento where nombre = 'CUNDINAMARCA'));
INSERT INTO public.municipio (id_municipio, codigo_dane, nombre, departamento) VALUES(20,'','CARTAGENA',(select id_departamento from public.departamento where nombre = 'BOLIVAR'));
INSERT INTO public.municipio (id_municipio, codigo_dane, nombre, departamento) VALUES(21,'','CARTAGO',(select id_departamento from public.departamento where nombre = 'VALLE DEL CAUCA'));
INSERT INTO public.municipio (id_municipio, codigo_dane, nombre, departamento) VALUES(22,'','CAUCASIA',(select id_departamento from public.departamento where nombre = 'ANTIOQUIA'));
INSERT INTO public.municipio (id_municipio, codigo_dane, nombre, departamento) VALUES(23,'','CHAPARRAL',(select id_departamento from public.departamento where nombre = 'TOLIMA'));
INSERT INTO public.municipio (id_municipio, codigo_dane, nombre, departamento) VALUES(24,'','CHIQUINQUIRA',(select id_departamento from public.departamento where nombre = 'BOYACA'));
INSERT INTO public.municipio (id_municipio, codigo_dane, nombre, departamento) VALUES(25,'','CHOCONTA',(select id_departamento from public.departamento where nombre = 'CUNDINAMARCA'));
INSERT INTO public.municipio (id_municipio, codigo_dane, nombre, departamento) VALUES(26,'','COMBITA',(select id_departamento from public.departamento where nombre = 'BOYACA'));
INSERT INTO public.municipio (id_municipio, codigo_dane, nombre, departamento) VALUES(27,'','COROZAL',(select id_departamento from public.departamento where nombre = 'SUCRE'));
INSERT INTO public.municipio (id_municipio, codigo_dane, nombre, departamento) VALUES(28,'','CUCUTA',(select id_departamento from public.departamento where nombre = 'NORTE DE SANTANDER'));
INSERT INTO public.municipio (id_municipio, codigo_dane, nombre, departamento) VALUES(29,'','DUITAMA',(select id_departamento from public.departamento where nombre = 'BOYACA'));
INSERT INTO public.municipio (id_municipio, codigo_dane, nombre, departamento) VALUES(30,'','EL BANCO',(select id_departamento from public.departamento where nombre = 'MAGDALENA'));
INSERT INTO public.municipio (id_municipio, codigo_dane, nombre, departamento) VALUES(31,'','EL BORDO',(select id_departamento from public.departamento where nombre = 'CAUCA'));
INSERT INTO public.municipio (id_municipio, codigo_dane, nombre, departamento) VALUES(32,'','ESPINAL',(select id_departamento from public.departamento where nombre = 'TOLIMA'));
INSERT INTO public.municipio (id_municipio, codigo_dane, nombre, departamento) VALUES(33,'','FLORENCIA',(select id_departamento from public.departamento where nombre = 'CAQUETA'));
INSERT INTO public.municipio (id_municipio, codigo_dane, nombre, departamento) VALUES(34,'','FRESNO',(select id_departamento from public.departamento where nombre = 'TOLIMA'));
INSERT INTO public.municipio (id_municipio, codigo_dane, nombre, departamento) VALUES(35,'','FUSAGASUGA',(select id_departamento from public.departamento where nombre = 'CUNDINAMARCA'));
INSERT INTO public.municipio (id_municipio, codigo_dane, nombre, departamento) VALUES(36,'','GACHETA',(select id_departamento from public.departamento where nombre = 'CUNDINAMARCA'));
INSERT INTO public.municipio (id_municipio, codigo_dane, nombre, departamento) VALUES(37,'','GARAGOA',(select id_departamento from public.departamento where nombre = 'BOYACA'));
INSERT INTO public.municipio (id_municipio, codigo_dane, nombre, departamento) VALUES(38,'','GARZON',(select id_departamento from public.departamento where nombre = 'HUILA'));
INSERT INTO public.municipio (id_municipio, codigo_dane, nombre, departamento) VALUES(39,'','GIRARDOT',(select id_departamento from public.departamento where nombre = 'CUNDINAMARCA'));
INSERT INTO public.municipio (id_municipio, codigo_dane, nombre, departamento) VALUES(40,'','GIRON',(select id_departamento from public.departamento where nombre = 'SANTANDER'));
INSERT INTO public.municipio (id_municipio, codigo_dane, nombre, departamento) VALUES(41,'','GRANADA',(select id_departamento from public.departamento where nombre = 'META'));
INSERT INTO public.municipio (id_municipio, codigo_dane, nombre, departamento) VALUES(42,'','GUADUAS',(select id_departamento from public.departamento where nombre = 'CUNDINAMARCA'));
INSERT INTO public.municipio (id_municipio, codigo_dane, nombre, departamento) VALUES(43,'','GUAMO',(select id_departamento from public.departamento where nombre = 'TOLIMA'));
INSERT INTO public.municipio (id_municipio, codigo_dane, nombre, departamento) VALUES(44,'','GUATEQUE',(select id_departamento from public.departamento where nombre = 'BOYACA'));
INSERT INTO public.municipio (id_municipio, codigo_dane, nombre, departamento) VALUES(45,'','GUAYABAL',(select id_departamento from public.departamento where nombre = 'TOLIMA'));
INSERT INTO public.municipio (id_municipio, codigo_dane, nombre, departamento) VALUES(46,'','HONDA',(select id_departamento from public.departamento where nombre = 'TOLIMA'));
INSERT INTO public.municipio (id_municipio, codigo_dane, nombre, departamento) VALUES(47,'','IBAGUE',(select id_departamento from public.departamento where nombre = 'TOLIMA'));
INSERT INTO public.municipio (id_municipio, codigo_dane, nombre, departamento) VALUES(48,'','IPIALES',(select id_departamento from public.departamento where nombre = 'NARIÑO'));
INSERT INTO public.municipio (id_municipio, codigo_dane, nombre, departamento) VALUES(49,'','ISTMINA',(select id_departamento from public.departamento where nombre = 'CHOCO'));
INSERT INTO public.municipio (id_municipio, codigo_dane, nombre, departamento) VALUES(50,'','ITAGUI',(select id_departamento from public.departamento where nombre = 'ANTIOQUIA'));
INSERT INTO public.municipio (id_municipio, codigo_dane, nombre, departamento) VALUES(51,'','JAMUNDI',(select id_departamento from public.departamento where nombre = 'VALLE DEL CAUCA'));
INSERT INTO public.municipio (id_municipio, codigo_dane, nombre, departamento) VALUES(52,'','JERICO',(select id_departamento from public.departamento where nombre = 'ANTIOQUIA'));
INSERT INTO public.municipio (id_municipio, codigo_dane, nombre, departamento) VALUES(53,'','LA CEJA',(select id_departamento from public.departamento where nombre = 'ANTIOQUIA'));
INSERT INTO public.municipio (id_municipio, codigo_dane, nombre, departamento) VALUES(54,'','LA DORADA',(select id_departamento from public.departamento where nombre = 'CALDAS'));
INSERT INTO public.municipio (id_municipio, codigo_dane, nombre, departamento) VALUES(55,'','LA MESA',(select id_departamento from public.departamento where nombre = 'CUNDINAMARCA'));
INSERT INTO public.municipio (id_municipio, codigo_dane, nombre, departamento) VALUES(56,'','LA PLATA',(select id_departamento from public.departamento where nombre = 'HUILA'));
INSERT INTO public.municipio (id_municipio, codigo_dane, nombre, departamento) VALUES(57,'','LA UNION',(select id_departamento from public.departamento where nombre = 'NARIÑO'));
INSERT INTO public.municipio (id_municipio, codigo_dane, nombre, departamento) VALUES(58,'','LETICIA',(select id_departamento from public.departamento where nombre = 'AMAZONAS'));
INSERT INTO public.municipio (id_municipio, codigo_dane, nombre, departamento) VALUES(59,'','LIBANO',(select id_departamento from public.departamento where nombre = 'TOLIMA'));
INSERT INTO public.municipio (id_municipio, codigo_dane, nombre, departamento) VALUES(60,'','MAGANGUE',(select id_departamento from public.departamento where nombre = 'BOLIVAR'));
INSERT INTO public.municipio (id_municipio, codigo_dane, nombre, departamento) VALUES(61,'','MALAGA',(select id_departamento from public.departamento where nombre = 'SANTANDER'));
INSERT INTO public.municipio (id_municipio, codigo_dane, nombre, departamento) VALUES(62,'','MANIZALES',(select id_departamento from public.departamento where nombre = 'CALDAS'));
INSERT INTO public.municipio (id_municipio, codigo_dane, nombre, departamento) VALUES(63,'','MEDELLIN',(select id_departamento from public.departamento where nombre = 'ANTIOQUIA'));
INSERT INTO public.municipio (id_municipio, codigo_dane, nombre, departamento) VALUES(64,'','MELGAR',(select id_departamento from public.departamento where nombre = 'TOLIMA'));
INSERT INTO public.municipio (id_municipio, codigo_dane, nombre, departamento) VALUES(65,'','MOCOA',(select id_departamento from public.departamento where nombre = 'PUTUMAYO'));
INSERT INTO public.municipio (id_municipio, codigo_dane, nombre, departamento) VALUES(66,'','MONIQUIRA',(select id_departamento from public.departamento where nombre = 'BOYACA'));
INSERT INTO public.municipio (id_municipio, codigo_dane, nombre, departamento) VALUES(67,'','MONTERIA',(select id_departamento from public.departamento where nombre = 'CORDOBA'));
INSERT INTO public.municipio (id_municipio, codigo_dane, nombre, departamento) VALUES(68,'','NEIVA',(select id_departamento from public.departamento where nombre = 'HUILA'));
INSERT INTO public.municipio (id_municipio, codigo_dane, nombre, departamento) VALUES(69,'','OCAÑA',(select id_departamento from public.departamento where nombre = 'NORTE DE SANTANDER'));
INSERT INTO public.municipio (id_municipio, codigo_dane, nombre, departamento) VALUES(70,'','PACORA',(select id_departamento from public.departamento where nombre = 'CALDAS'));
INSERT INTO public.municipio (id_municipio, codigo_dane, nombre, departamento) VALUES(71,'','PALMIRA',(select id_departamento from public.departamento where nombre = 'VALLE DEL CAUCA'));
INSERT INTO public.municipio (id_municipio, codigo_dane, nombre, departamento) VALUES(72,'','PAMPLONA',(select id_departamento from public.departamento where nombre = 'NORTE DE SANTANDER'));
INSERT INTO public.municipio (id_municipio, codigo_dane, nombre, departamento) VALUES(73,'','PASTO',(select id_departamento from public.departamento where nombre = 'NARIÑO'));
INSERT INTO public.municipio (id_municipio, codigo_dane, nombre, departamento) VALUES(74,'','PAZ DE ARIPORO',(select id_departamento from public.departamento where nombre = 'CASANARE'));
INSERT INTO public.municipio (id_municipio, codigo_dane, nombre, departamento) VALUES(75,'','PENSILVANIA',(select id_departamento from public.departamento where nombre = 'CALDAS'));
INSERT INTO public.municipio (id_municipio, codigo_dane, nombre, departamento) VALUES(76,'','PEREIRA',(select id_departamento from public.departamento where nombre = 'RISARALDA'));
INSERT INTO public.municipio (id_municipio, codigo_dane, nombre, departamento) VALUES(77,'','PITALITO',(select id_departamento from public.departamento where nombre = 'HUILA'));
INSERT INTO public.municipio (id_municipio, codigo_dane, nombre, departamento) VALUES(78,'','POPAYAN',(select id_departamento from public.departamento where nombre = 'CAUCA'));
INSERT INTO public.municipio (id_municipio, codigo_dane, nombre, departamento) VALUES(79,'','PUERTO BERRIO',(select id_departamento from public.departamento where nombre = 'ANTIOQUIA'));
INSERT INTO public.municipio (id_municipio, codigo_dane, nombre, departamento) VALUES(80,'','PUERTO BOYACA',(select id_departamento from public.departamento where nombre = 'BOYACA'));
INSERT INTO public.municipio (id_municipio, codigo_dane, nombre, departamento) VALUES(81,'','PUERTO TEJADA',(select id_departamento from public.departamento where nombre = 'CAUCA'));
INSERT INTO public.municipio (id_municipio, codigo_dane, nombre, departamento) VALUES(82,'','PUERTO TRIUNFO',(select id_departamento from public.departamento where nombre = 'ANTIOQUIA'));
INSERT INTO public.municipio (id_municipio, codigo_dane, nombre, departamento) VALUES(83,'','PURIFICACION',(select id_departamento from public.departamento where nombre = 'TOLIMA'));
INSERT INTO public.municipio (id_municipio, codigo_dane, nombre, departamento) VALUES(84,'','RAMIRIQUI',(select id_departamento from public.departamento where nombre = 'BOYACA'));
INSERT INTO public.municipio (id_municipio, codigo_dane, nombre, departamento) VALUES(85,'','RIOHACHA',(select id_departamento from public.departamento where nombre = 'LA GUAJIRA'));
INSERT INTO public.municipio (id_municipio, codigo_dane, nombre, departamento) VALUES(86,'','RIOSUCIO',(select id_departamento from public.departamento where nombre = 'CALDAS'));
INSERT INTO public.municipio (id_municipio, codigo_dane, nombre, departamento) VALUES(87,'','ROLDANILLO',(select id_departamento from public.departamento where nombre = 'VALLE DEL CAUCA'));
INSERT INTO public.municipio (id_municipio, codigo_dane, nombre, departamento) VALUES(88,'','SABANALARGA',(select id_departamento from public.departamento where nombre = 'ATLANTICO'));
INSERT INTO public.municipio (id_municipio, codigo_dane, nombre, departamento) VALUES(89,'','SALAMINA',(select id_departamento from public.departamento where nombre = 'CALDAS'));
INSERT INTO public.municipio (id_municipio, codigo_dane, nombre, departamento) VALUES(90,'','SAN ANDRES Y PROVIDENCIA',(select id_departamento from public.departamento where nombre = 'SAN ANDRES Y PROVIDENCIA'));
INSERT INTO public.municipio (id_municipio, codigo_dane, nombre, departamento) VALUES(91,'','SAN FRANCISCO DE QUIBDO',(select id_departamento from public.departamento where nombre = 'CHOCO'));
INSERT INTO public.municipio (id_municipio, codigo_dane, nombre, departamento) VALUES(92,'','SAN GIL',(select id_departamento from public.departamento where nombre = 'SANTANDER'));
INSERT INTO public.municipio (id_municipio, codigo_dane, nombre, departamento) VALUES(93,'','SAN VICENTE DE CHUCURI',(select id_departamento from public.departamento where nombre = 'SANTANDER'));
INSERT INTO public.municipio (id_municipio, codigo_dane, nombre, departamento) VALUES(94,'','SANTA BARBARA',(select id_departamento from public.departamento where nombre = 'ANTIOQUIA'));
INSERT INTO public.municipio (id_municipio, codigo_dane, nombre, departamento) VALUES(95,'','SANTA MARTA',(select id_departamento from public.departamento where nombre = 'MAGDALENA'));
INSERT INTO public.municipio (id_municipio, codigo_dane, nombre, departamento) VALUES(96,'','SANTA ROSA DE CABAL',(select id_departamento from public.departamento where nombre = 'RISARALDA'));
INSERT INTO public.municipio (id_municipio, codigo_dane, nombre, departamento) VALUES(97,'','SANTA ROSA DE OSOS',(select id_departamento from public.departamento where nombre = 'ANTIOQUIA'));
INSERT INTO public.municipio (id_municipio, codigo_dane, nombre, departamento) VALUES(98,'','SANTA ROSA DE VITERBO',(select id_departamento from public.departamento where nombre = 'BOYACA'));
INSERT INTO public.municipio (id_municipio, codigo_dane, nombre, departamento) VALUES(99,'','SANTAFE DE ANTIOQUIA',(select id_departamento from public.departamento where nombre = 'ANTIOQUIA'));
INSERT INTO public.municipio (id_municipio, codigo_dane, nombre, departamento) VALUES(100,'','SANTANDER DE QUILICHAO',(select id_departamento from public.departamento where nombre = 'CAUCA'));
INSERT INTO public.municipio (id_municipio, codigo_dane, nombre, departamento) VALUES(101,'','SANTIAGO DE CALI',(select id_departamento from public.departamento where nombre = 'VALLE DEL CAUCA'));
INSERT INTO public.municipio (id_municipio, codigo_dane, nombre, departamento) VALUES(102,'','SANTO DOMINGO',(select id_departamento from public.departamento where nombre = 'ANTIOQUIA'));
INSERT INTO public.municipio (id_municipio, codigo_dane, nombre, departamento) VALUES(103,'','SEVILLA',(select id_departamento from public.departamento where nombre = 'VALLE DEL CAUCA'));
INSERT INTO public.municipio (id_municipio, codigo_dane, nombre, departamento) VALUES(104,'','SILVIA',(select id_departamento from public.departamento where nombre = 'CAUCA'));
INSERT INTO public.municipio (id_municipio, codigo_dane, nombre, departamento) VALUES(105,'','SINCELEJO',(select id_departamento from public.departamento where nombre = 'SUCRE'));
INSERT INTO public.municipio (id_municipio, codigo_dane, nombre, departamento) VALUES(106,'','SOCORRO',(select id_departamento from public.departamento where nombre = 'SANTANDER'));
INSERT INTO public.municipio (id_municipio, codigo_dane, nombre, departamento) VALUES(107,'','SOGAMOSO',(select id_departamento from public.departamento where nombre = 'BOYACA'));
INSERT INTO public.municipio (id_municipio, codigo_dane, nombre, departamento) VALUES(108,'','SONSON',(select id_departamento from public.departamento where nombre = 'ANTIOQUIA'));
INSERT INTO public.municipio (id_municipio, codigo_dane, nombre, departamento) VALUES(109,'','TAMESIS',(select id_departamento from public.departamento where nombre = 'ANTIOQUIA'));
INSERT INTO public.municipio (id_municipio, codigo_dane, nombre, departamento) VALUES(110,'','TIERRALTA',(select id_departamento from public.departamento where nombre = 'CORDOBA'));
INSERT INTO public.municipio (id_municipio, codigo_dane, nombre, departamento) VALUES(111,'','TITIRIBI',(select id_departamento from public.departamento where nombre = 'ANTIOQUIA'));
INSERT INTO public.municipio (id_municipio, codigo_dane, nombre, departamento) VALUES(112,'','TULUA',(select id_departamento from public.departamento where nombre = 'VALLE DEL CAUCA'));
INSERT INTO public.municipio (id_municipio, codigo_dane, nombre, departamento) VALUES(113,'','TUMACO',(select id_departamento from public.departamento where nombre = 'NARIÑO'));
INSERT INTO public.municipio (id_municipio, codigo_dane, nombre, departamento) VALUES(114,'','TUNJA',(select id_departamento from public.departamento where nombre = 'BOYACA'));
INSERT INTO public.municipio (id_municipio, codigo_dane, nombre, departamento) VALUES(115,'','TUQUERRES',(select id_departamento from public.departamento where nombre = 'NARIÑO'));
INSERT INTO public.municipio (id_municipio, codigo_dane, nombre, departamento) VALUES(116,'','UBATE',(select id_departamento from public.departamento where nombre = 'CUNDINAMARCA'));
INSERT INTO public.municipio (id_municipio, codigo_dane, nombre, departamento) VALUES(117,'','VALLEDUPAR',(select id_departamento from public.departamento where nombre = 'CESAR'));
INSERT INTO public.municipio (id_municipio, codigo_dane, nombre, departamento) VALUES(118,'','VELEZ',(select id_departamento from public.departamento where nombre = 'SANTANDER'));
INSERT INTO public.municipio (id_municipio, codigo_dane, nombre, departamento) VALUES(119,'','VILLAVICENCIO',(select id_departamento from public.departamento where nombre = 'META'));
INSERT INTO public.municipio (id_municipio, codigo_dane, nombre, departamento) VALUES(120,'','VILLETA',(select id_departamento from public.departamento where nombre = 'CUNDINAMARCA'));
INSERT INTO public.municipio (id_municipio, codigo_dane, nombre, departamento) VALUES(121,'','YARUMAL',(select id_departamento from public.departamento where nombre = 'ANTIOQUIA'));
INSERT INTO public.municipio (id_municipio, codigo_dane, nombre, departamento) VALUES(122,'','YOPAL',(select id_departamento from public.departamento where nombre = 'CASANARE'));
INSERT INTO public.municipio (id_municipio, codigo_dane, nombre, departamento) VALUES(123,'','ZIPAQUIRA',(select id_departamento from public.departamento where nombre = 'CUNDINAMARCA'));
-- NUEVOS REGISTROS POR TEMA DE CALIDAD DE DATOS
INSERT INTO public.municipio (id_municipio, codigo_dane, nombre, departamento) VALUES(124,'','ZAPATOCA',(select id_departamento from public.departamento where nombre = 'SANTANDER'));
INSERT INTO public.municipio (id_municipio, codigo_dane, nombre, departamento) VALUES(125,'','CALOTO',(select id_departamento from public.departamento where nombre = 'CAUCA'));
INSERT INTO public.municipio (id_municipio, codigo_dane, nombre, departamento) VALUES(126,'','CIENAGA',(select id_departamento from public.departamento where nombre = 'MAGDALENA'));
INSERT INTO public.municipio (id_municipio, codigo_dane, nombre, departamento) VALUES(127,'','FACATATIVA',(select id_departamento from public.departamento where nombre = 'CUNDINAMARCA'));
INSERT INTO public.municipio (id_municipio, codigo_dane, nombre, departamento) VALUES(128,'','MANZANARES',(select id_departamento from public.departamento where nombre = 'CALDAS'));
INSERT INTO public.municipio (id_municipio, codigo_dane, nombre, departamento) VALUES(129,'','CALI',(select id_departamento from public.departamento where nombre = 'VALLE DEL CAUCA'));
INSERT INTO public.municipio (id_municipio, codigo_dane, nombre, departamento) VALUES(130,'','EL GUAMO',(select id_departamento from public.departamento where nombre = 'TOLIMA'));



INSERT INTO public.regional (id_regional, nombre) VALUES(1,'CENTRAL');
INSERT INTO public.regional (id_regional, nombre) VALUES(2,'NOROESTE');
INSERT INTO public.regional (id_regional, nombre) VALUES(3,'NORTE');
INSERT INTO public.regional (id_regional, nombre) VALUES(4,'OCCIDENTE');
INSERT INTO public.regional (id_regional, nombre) VALUES(5,'ORIENTE');
INSERT INTO public.regional (id_regional, nombre) VALUES(6,'VIEJO CALDAS');




--delete from public.establecimiento;
INSERT INTO public.establecimiento (id_establecimiento, nombre, regional, municipio, codigo_establecimiento) VALUES(1,'CAMIS ACACIAS',(select id_regional from public.regional where nombre = 'CENTRAL'), (select id_municipio from public.municipio where nombre = 'ACACIAS' and departamento = ( select id_departamento from public.departamento where nombre = 'META')),'130');
INSERT INTO public.establecimiento (id_establecimiento, nombre, regional, municipio, codigo_establecimiento) VALUES(2,'CMPS JERICO',(select id_regional from public.regional where nombre = 'NOROESTE'), (select id_municipio from public.municipio where nombre = 'JERICO' and departamento = ( select id_departamento from public.departamento where nombre = 'ANTIOQUIA')),'513');
INSERT INTO public.establecimiento (id_establecimiento, nombre, regional, municipio, codigo_establecimiento) VALUES(3,'CMS BARRANQUILLA',(select id_regional from public.regional where nombre = 'NORTE'), (select id_municipio from public.municipio where nombre = 'BARRANQUILLA' and departamento = ( select id_departamento from public.departamento where nombre = 'ATLANTICO')),'301');
INSERT INTO public.establecimiento (id_establecimiento, nombre, regional, municipio, codigo_establecimiento) VALUES(4,'CMS SANTA FE DE ANTIOQUIA',(select id_regional from public.regional where nombre = 'NOROESTE'), (select id_municipio from public.municipio where nombre = 'SANTAFE DE ANTIOQUIA' and departamento = ( select id_departamento from public.departamento where nombre = 'ANTIOQUIA')),'506');
INSERT INTO public.establecimiento (id_establecimiento, nombre, regional, municipio, codigo_establecimiento) VALUES(5,'COMPLEJO CARCELARIO  Y PENITENCIARIO  DE IBAGUE-PICALEÑA-CONDENADOS',(select id_regional from public.regional where nombre = 'VIEJO CALDAS'), (select id_municipio from public.municipio where nombre = 'IBAGUE' and departamento = ( select id_departamento from public.departamento where nombre = 'TOLIMA')),'6392');
INSERT INTO public.establecimiento (id_establecimiento, nombre, regional, municipio, codigo_establecimiento) VALUES(6,'COMPLEJO CARCELARIO  Y PENITENCIARIO  DE IBAGUE-PICALEÑA-MUJERES',(select id_regional from public.regional where nombre = 'VIEJO CALDAS'), (select id_municipio from public.municipio where nombre = 'IBAGUE' and departamento = ( select id_departamento from public.departamento where nombre = 'TOLIMA')),'6393');
INSERT INTO public.establecimiento (id_establecimiento, nombre, regional, municipio, codigo_establecimiento) VALUES(7,'COMPLEJO CARCELARIO  Y PENITENCIARIO  DE IBAGUE-PICALEÑA-SINDICADOS',(select id_regional from public.regional where nombre = 'VIEJO CALDAS'), (select id_municipio from public.municipio where nombre = 'IBAGUE' and departamento = ( select id_departamento from public.departamento where nombre = 'TOLIMA')),'6391');
INSERT INTO public.establecimiento (id_establecimiento, nombre, regional, municipio, codigo_establecimiento) VALUES(8,'COMPLEJO CARCELARIO Y PENITENCIARIO DE JAMUNDI-CONDENADOS',(select id_regional from public.regional where nombre = 'OCCIDENTE'), (select id_municipio from public.municipio where nombre = 'JAMUNDI' and departamento = ( select id_departamento from public.departamento where nombre = 'VALLE DEL CAUCA')),'2422');
INSERT INTO public.establecimiento (id_establecimiento, nombre, regional, municipio, codigo_establecimiento) VALUES(9,'COMPLEJO CARCELARIO Y PENITENCIARIO DE JAMUNDI-R. MUJERES',(select id_regional from public.regional where nombre = 'OCCIDENTE'), (select id_municipio from public.municipio where nombre = 'JAMUNDI' and departamento = ( select id_departamento from public.departamento where nombre = 'VALLE DEL CAUCA')),'2423');
INSERT INTO public.establecimiento (id_establecimiento, nombre, regional, municipio, codigo_establecimiento) VALUES(10,'COMPLEJO CARCELARIO Y PENITENCIARIO DE JAMUNDI-SINDICADOS',(select id_regional from public.regional where nombre = 'OCCIDENTE'), (select id_municipio from public.municipio where nombre = 'JAMUNDI' and departamento = ( select id_departamento from public.departamento where nombre = 'VALLE DEL CAUCA')),'2421');
INSERT INTO public.establecimiento (id_establecimiento, nombre, regional, municipio, codigo_establecimiento) VALUES(11,'COMPLEJO CARCELARIO Y PENITENCIARIO DE MEDELLIN-PEDREGAL-MUJERES',(select id_regional from public.regional where nombre = 'NOROESTE'), (select id_municipio from public.municipio where nombre = 'MEDELLIN' and departamento = ( select id_departamento from public.departamento where nombre = 'ANTIOQUIA')),'5373');
INSERT INTO public.establecimiento (id_establecimiento, nombre, regional, municipio, codigo_establecimiento) VALUES(12,'COMPLEJO CARCELARIO Y PENITENCIARIO DE MEDELLIN-PEDREGAL-SINDICADOS',(select id_regional from public.regional where nombre = 'NOROESTE'), (select id_municipio from public.municipio where nombre = 'MEDELLIN' and departamento = ( select id_departamento from public.departamento where nombre = 'ANTIOQUIA')),'5371');
INSERT INTO public.establecimiento (id_establecimiento, nombre, regional, municipio, codigo_establecimiento) VALUES(13,'COMPLEJO CARCELARIO Y PENITENCIARIO METROPOLITANO DE BOGOTA',(select id_regional from public.regional where nombre = 'CENTRAL'), (select id_municipio from public.municipio where nombre = 'BOGOTA D.C.' and departamento = ( select id_departamento from public.departamento where nombre = 'BOGOTA D.C.')),'113');
INSERT INTO public.establecimiento (id_establecimiento, nombre, regional, municipio, codigo_establecimiento) VALUES(14,'COMPLEJO CARCELARIO Y PENITENCIARIO METROPOLITANO DE CUCUTA - CONDENADOS',(select id_regional from public.regional where nombre = 'ORIENTE'), (select id_municipio from public.municipio where nombre = 'CUCUTA' and departamento = ( select id_departamento from public.departamento where nombre = 'NORTE DE SANTANDER')),'4222');
INSERT INTO public.establecimiento (id_establecimiento, nombre, regional, municipio, codigo_establecimiento) VALUES(15,'COMPLEJO CARCELARIO Y PENITENCIARIO METROPOLITANO DE CUCUTA - MUJERES',(select id_regional from public.regional where nombre = 'ORIENTE'), (select id_municipio from public.municipio where nombre = 'CUCUTA' and departamento = ( select id_departamento from public.departamento where nombre = 'NORTE DE SANTANDER')),'4223');
INSERT INTO public.establecimiento (id_establecimiento, nombre, regional, municipio, codigo_establecimiento) VALUES(16,'COMPLEJO CARCELARIO Y PENITENCIARIO METROPOLITANO DE CUCUTA - SINDICADOS',(select id_regional from public.regional where nombre = 'ORIENTE'), (select id_municipio from public.municipio where nombre = 'CUCUTA' and departamento = ( select id_departamento from public.departamento where nombre = 'NORTE DE SANTANDER')),'4221');
INSERT INTO public.establecimiento (id_establecimiento, nombre, regional, municipio, codigo_establecimiento) VALUES(17,'COMPLEJO IBAGUE - PICALEÑA',(select id_regional from public.regional where nombre = 'VIEJO CALDAS'), (select id_municipio from public.municipio where nombre = 'IBAGUE' and departamento = ( select id_departamento from public.departamento where nombre = 'TOLIMA')),'639');
INSERT INTO public.establecimiento (id_establecimiento, nombre, regional, municipio, codigo_establecimiento) VALUES(18,'CPAMS LA PAZ',(select id_regional from public.regional where nombre = 'NOROESTE'), (select id_municipio from public.municipio where nombre = 'ITAGUI' and departamento = ( select id_departamento from public.departamento where nombre = 'ANTIOQUIA')),'501');
INSERT INTO public.establecimiento (id_establecimiento, nombre, regional, municipio, codigo_establecimiento) VALUES(19,'CPAMS PALMIRA',(select id_regional from public.regional where nombre = 'OCCIDENTE'), (select id_municipio from public.municipio where nombre = 'PALMIRA' and departamento = ( select id_departamento from public.departamento where nombre = 'VALLE DEL CAUCA')),'225');
INSERT INTO public.establecimiento (id_establecimiento, nombre, regional, municipio, codigo_establecimiento) VALUES(20,'CPMS BUCARAMANGA (ERE)',(select id_regional from public.regional where nombre = 'ORIENTE'), (select id_municipio from public.municipio where nombre = 'BUCARAMANGA' and departamento = ( select id_departamento from public.departamento where nombre = 'SANTANDER')),'410');
INSERT INTO public.establecimiento (id_establecimiento, nombre, regional, municipio, codigo_establecimiento) VALUES(21,'CPMS CHIQUINQUIRA',(select id_regional from public.regional where nombre = 'CENTRAL'), (select id_municipio from public.municipio where nombre = 'CHIQUINQUIRA' and departamento = ( select id_departamento from public.departamento where nombre = 'BOYACA')),'104');
INSERT INTO public.establecimiento (id_establecimiento, nombre, regional, municipio, codigo_establecimiento) VALUES(22,'CPMS CHOCONTA',(select id_regional from public.regional where nombre = 'CENTRAL'), (select id_municipio from public.municipio where nombre = 'CHOCONTA' and departamento = ( select id_departamento from public.departamento where nombre = 'CUNDINAMARCA')),'117');
INSERT INTO public.establecimiento (id_establecimiento, nombre, regional, municipio, codigo_establecimiento) VALUES(23,'CPMS ESPINAL',(select id_regional from public.regional where nombre = 'CENTRAL'), (select id_municipio from public.municipio where nombre = 'ESPINAL' and departamento = ( select id_departamento from public.departamento where nombre = 'TOLIMA')),'145');
INSERT INTO public.establecimiento (id_establecimiento, nombre, regional, municipio, codigo_establecimiento) VALUES(24,'CPMS FUSAGASUGA',(select id_regional from public.regional where nombre = 'CENTRAL'), (select id_municipio from public.municipio where nombre = 'FUSAGASUGA' and departamento = ( select id_departamento from public.departamento where nombre = 'CUNDINAMARCA')),'119');
INSERT INTO public.establecimiento (id_establecimiento, nombre, regional, municipio, codigo_establecimiento) VALUES(25,'CPMS GACHETA',(select id_regional from public.regional where nombre = 'CENTRAL'), (select id_municipio from public.municipio where nombre = 'GACHETA' and departamento = ( select id_departamento from public.departamento where nombre = 'CUNDINAMARCA')),'120');
INSERT INTO public.establecimiento (id_establecimiento, nombre, regional, municipio, codigo_establecimiento) VALUES(26,'CPMS GARAGOA',(select id_regional from public.regional where nombre = 'CENTRAL'), (select id_municipio from public.municipio where nombre = 'GARAGOA' and departamento = ( select id_departamento from public.departamento where nombre = 'BOYACA')),'106');
INSERT INTO public.establecimiento (id_establecimiento, nombre, regional, municipio, codigo_establecimiento) VALUES(27,'CPMS LA MESA',(select id_regional from public.regional where nombre = 'CENTRAL'), (select id_municipio from public.municipio where nombre = 'LA MESA' and departamento = ( select id_departamento from public.departamento where nombre = 'CUNDINAMARCA')),'124');
INSERT INTO public.establecimiento (id_establecimiento, nombre, regional, municipio, codigo_establecimiento) VALUES(28,'CPMS MELGAR',(select id_regional from public.regional where nombre = 'CENTRAL'), (select id_municipio from public.municipio where nombre = 'MELGAR' and departamento = ( select id_departamento from public.departamento where nombre = 'TOLIMA')),'136');
INSERT INTO public.establecimiento (id_establecimiento, nombre, regional, municipio, codigo_establecimiento) VALUES(29,'CPMS MONIQUIRA',(select id_regional from public.regional where nombre = 'CENTRAL'), (select id_municipio from public.municipio where nombre = 'MONIQUIRA' and departamento = ( select id_departamento from public.departamento where nombre = 'BOYACA')),'109');
INSERT INTO public.establecimiento (id_establecimiento, nombre, regional, municipio, codigo_establecimiento) VALUES(30,'CPMS PAZ DE ARIPORO',(select id_regional from public.regional where nombre = 'CENTRAL'), (select id_municipio from public.municipio where nombre = 'PAZ DE ARIPORO' and departamento = ( select id_departamento from public.departamento where nombre = 'CASANARE')),'152');
INSERT INTO public.establecimiento (id_establecimiento, nombre, regional, municipio, codigo_establecimiento) VALUES(31,'CPMS PUERTO TRIUNFO',(select id_regional from public.regional where nombre = 'NOROESTE'), (select id_municipio from public.municipio where nombre = 'PUERTO TRIUNFO' and departamento = ( select id_departamento from public.departamento where nombre = 'ANTIOQUIA')),'535');
INSERT INTO public.establecimiento (id_establecimiento, nombre, regional, municipio, codigo_establecimiento) VALUES(32,'CPMS PURIFICACION',(select id_regional from public.regional where nombre = 'CENTRAL'), (select id_municipio from public.municipio where nombre = 'PURIFICACION' and departamento = ( select id_departamento from public.departamento where nombre = 'TOLIMA')),'147');
INSERT INTO public.establecimiento (id_establecimiento, nombre, regional, municipio, codigo_establecimiento) VALUES(33,'CPMS SAN VICENTE DE CHUCURI',(select id_regional from public.regional where nombre = 'ORIENTE'), (select id_municipio from public.municipio where nombre = 'SAN VICENTE DE CHUCURI' and departamento = ( select id_departamento from public.departamento where nombre = 'SANTANDER')),'417');
INSERT INTO public.establecimiento (id_establecimiento, nombre, regional, municipio, codigo_establecimiento) VALUES(34,'CPMS SANTO DOMINGO',(select id_regional from public.regional where nombre = 'NOROESTE'), (select id_municipio from public.municipio where nombre = 'SANTO DOMINGO' and departamento = ( select id_departamento from public.departamento where nombre = 'ANTIOQUIA')),'518');
INSERT INTO public.establecimiento (id_establecimiento, nombre, regional, municipio, codigo_establecimiento) VALUES(35,'CPMS TULUA',(select id_regional from public.regional where nombre = 'OCCIDENTE'), (select id_municipio from public.municipio where nombre = 'TULUA' and departamento = ( select id_departamento from public.departamento where nombre = 'VALLE DEL CAUCA')),'233');
INSERT INTO public.establecimiento (id_establecimiento, nombre, regional, municipio, codigo_establecimiento) VALUES(36,'CPMS TUNJA',(select id_regional from public.regional where nombre = 'CENTRAL'), (select id_municipio from public.municipio where nombre = 'TUNJA' and departamento = ( select id_departamento from public.departamento where nombre = 'BOYACA')),'149');
INSERT INTO public.establecimiento (id_establecimiento, nombre, regional, municipio, codigo_establecimiento) VALUES(37,'CPMS UBATE',(select id_regional from public.regional where nombre = 'CENTRAL'), (select id_municipio from public.municipio where nombre = 'UBATE' and departamento = ( select id_departamento from public.departamento where nombre = 'CUNDINAMARCA')),'126');
INSERT INTO public.establecimiento (id_establecimiento, nombre, regional, municipio, codigo_establecimiento) VALUES(38,'EC ARMERO-GUAYABAL',(select id_regional from public.regional where nombre = 'VIEJO CALDAS'), (select id_municipio from public.municipio where nombre = 'GUAYABAL' and departamento = ( select id_departamento from public.departamento where nombre = 'TOLIMA')),'623');
INSERT INTO public.establecimiento (id_establecimiento, nombre, regional, municipio, codigo_establecimiento) VALUES(39,'EC BOGOTA',(select id_regional from public.regional where nombre = 'CENTRAL'), (select id_municipio from public.municipio where nombre = 'BOGOTA D.C.' and departamento = ( select id_departamento from public.departamento where nombre = 'BOGOTA D.C.')),'114');
INSERT INTO public.establecimiento (id_establecimiento, nombre, regional, municipio, codigo_establecimiento) VALUES(40,'EC PEDREGAL MEDELLIN',(select id_regional from public.regional where nombre = 'NOROESTE'), (select id_municipio from public.municipio where nombre = 'MEDELLIN' and departamento = ( select id_departamento from public.departamento where nombre = 'ANTIOQUIA')),'534');
INSERT INTO public.establecimiento (id_establecimiento, nombre, regional, municipio, codigo_establecimiento) VALUES(41,'EC SABANALARGA (ERE)',(select id_regional from public.regional where nombre = 'NORTE'), (select id_municipio from public.municipio where nombre = 'SABANALARGA' and departamento = ( select id_departamento from public.departamento where nombre = 'ATLANTICO')),'302');
INSERT INTO public.establecimiento (id_establecimiento, nombre, regional, municipio, codigo_establecimiento) VALUES(42,'EP LAS HELICONIAS DE FLORENCIA',(select id_regional from public.regional where nombre = 'CENTRAL'), (select id_municipio from public.municipio where nombre = 'FLORENCIA' and departamento = ( select id_departamento from public.departamento where nombre = 'CAQUETA')),'157');
INSERT INTO public.establecimiento (id_establecimiento, nombre, regional, municipio, codigo_establecimiento) VALUES(43,'EPAMS GIRON',(select id_regional from public.regional where nombre = 'ORIENTE'), (select id_municipio from public.municipio where nombre = 'GIRON' and departamento = ( select id_departamento from public.departamento where nombre = 'SANTANDER')),'421');
INSERT INTO public.establecimiento (id_establecimiento, nombre, regional, municipio, codigo_establecimiento) VALUES(44,'EPAMS LA DORADA',(select id_regional from public.regional where nombre = 'VIEJO CALDAS'), (select id_municipio from public.municipio where nombre = 'LA DORADA' and departamento = ( select id_departamento from public.departamento where nombre = 'CALDAS')),'637');
INSERT INTO public.establecimiento (id_establecimiento, nombre, regional, municipio, codigo_establecimiento) VALUES(45,'EPAMSCAS COMBITA',(select id_regional from public.regional where nombre = 'CENTRAL'), (select id_municipio from public.municipio where nombre = 'COMBITA' and departamento = ( select id_departamento from public.departamento where nombre = 'BOYACA')),'150');
INSERT INTO public.establecimiento (id_establecimiento, nombre, regional, municipio, codigo_establecimiento) VALUES(46,'EPAMSCAS POPAYAN (ERE)',(select id_regional from public.regional where nombre = 'OCCIDENTE'), (select id_municipio from public.municipio where nombre = 'POPAYAN' and departamento = ( select id_departamento from public.departamento where nombre = 'CAUCA')),'235');
INSERT INTO public.establecimiento (id_establecimiento, nombre, regional, municipio, codigo_establecimiento) VALUES(47,'EPAMSCAS VALLEDUPAR (ERM)',(select id_regional from public.regional where nombre = 'NORTE'), (select id_municipio from public.municipio where nombre = 'VALLEDUPAR' and departamento = ( select id_departamento from public.departamento where nombre = 'CESAR')),'323');
INSERT INTO public.establecimiento (id_establecimiento, nombre, regional, municipio, codigo_establecimiento) VALUES(48,'EPC COMBITA-MEDIANA SEGURIDAD-BARNE',(select id_regional from public.regional where nombre = 'CENTRAL'), (select id_municipio from public.municipio where nombre = 'COMBITA' and departamento = ( select id_departamento from public.departamento where nombre = 'BOYACA')),'102');
INSERT INTO public.establecimiento (id_establecimiento, nombre, regional, municipio, codigo_establecimiento) VALUES(49,'EPC GUAMO',(select id_regional from public.regional where nombre = 'CENTRAL'), (select id_municipio from public.municipio where nombre = 'GUAMO' and departamento = ( select id_departamento from public.departamento where nombre = 'TOLIMA')),'158');
INSERT INTO public.establecimiento (id_establecimiento, nombre, regional, municipio, codigo_establecimiento) VALUES(50,'EPC JAMUNDI',(select id_regional from public.regional where nombre = 'OCCIDENTE'), (select id_municipio from public.municipio where nombre = 'JAMUNDI' and departamento = ( select id_departamento from public.departamento where nombre = 'VALLE DEL CAUCA')),'236');
INSERT INTO public.establecimiento (id_establecimiento, nombre, regional, municipio, codigo_establecimiento) VALUES(51,'EPC LA ESPERANZA DE GUADUAS',(select id_regional from public.regional where nombre = 'CENTRAL'), (select id_municipio from public.municipio where nombre = 'GUADUAS' and departamento = ( select id_departamento from public.departamento where nombre = 'CUNDINAMARCA')),'156');
INSERT INTO public.establecimiento (id_establecimiento, nombre, regional, municipio, codigo_establecimiento) VALUES(52,'EPC YOPAL',(select id_regional from public.regional where nombre = 'CENTRAL'), (select id_municipio from public.municipio where nombre = 'YOPAL' and departamento = ( select id_departamento from public.departamento where nombre = 'CASANARE')),'153');
INSERT INTO public.establecimiento (id_establecimiento, nombre, regional, municipio, codigo_establecimiento) VALUES(53,'EPMS RAMIRIQUI',(select id_regional from public.regional where nombre = 'CENTRAL'), (select id_municipio from public.municipio where nombre = 'RAMIRIQUI' and departamento = ( select id_departamento from public.departamento where nombre = 'BOYACA')),'110');
INSERT INTO public.establecimiento (id_establecimiento, nombre, regional, municipio, codigo_establecimiento) VALUES(54,'EPMS SAN GIL',(select id_regional from public.regional where nombre = 'ORIENTE'), (select id_municipio from public.municipio where nombre = 'SAN GIL' and departamento = ( select id_departamento from public.departamento where nombre = 'SANTANDER')),'415');
INSERT INTO public.establecimiento (id_establecimiento, nombre, regional, municipio, codigo_establecimiento) VALUES(55,'EPMS ZAPATOCA',(select id_regional from public.regional where nombre = 'ORIENTE'), (select id_municipio from public.municipio where nombre = 'ZAPATOCA' and departamento = ( select id_departamento from public.departamento where nombre = 'SANTANDER')),'419');
INSERT INTO public.establecimiento (id_establecimiento, nombre, regional, municipio, codigo_establecimiento) VALUES(56,'EPMSC ACACIAS',(select id_regional from public.regional where nombre = 'CENTRAL'), (select id_municipio from public.municipio where nombre = 'ACACIAS' and departamento = ( select id_departamento from public.departamento where nombre = 'META')),'148');
INSERT INTO public.establecimiento (id_establecimiento, nombre, regional, municipio, codigo_establecimiento) VALUES(57,'EPMSC AGUACHICA',(select id_regional from public.regional where nombre = 'ORIENTE'), (select id_municipio from public.municipio where nombre = 'AGUACHICA' and departamento = ( select id_departamento from public.departamento where nombre = 'CESAR')),'405');
INSERT INTO public.establecimiento (id_establecimiento, nombre, regional, municipio, codigo_establecimiento) VALUES(58,'EPMSC AGUADAS',(select id_regional from public.regional where nombre = 'VIEJO CALDAS'), (select id_municipio from public.municipio where nombre = 'AGUADAS' and departamento = ( select id_departamento from public.departamento where nombre = 'CALDAS')),'603');
INSERT INTO public.establecimiento (id_establecimiento, nombre, regional, municipio, codigo_establecimiento) VALUES(59,'EPMSC ANDES',(select id_regional from public.regional where nombre = 'NOROESTE'), (select id_municipio from public.municipio where nombre = 'ANDES' and departamento = ( select id_departamento from public.departamento where nombre = 'ANTIOQUIA')),'505');
INSERT INTO public.establecimiento (id_establecimiento, nombre, regional, municipio, codigo_establecimiento) VALUES(60,'EPMSC ANSERMA',(select id_regional from public.regional where nombre = 'VIEJO CALDAS'), (select id_municipio from public.municipio where nombre = 'ANSERMA' and departamento = ( select id_departamento from public.departamento where nombre = 'CALDAS')),'602');
INSERT INTO public.establecimiento (id_establecimiento, nombre, regional, municipio, codigo_establecimiento) VALUES(61,'EPMSC APARTADO',(select id_regional from public.regional where nombre = 'NOROESTE'), (select id_municipio from public.municipio where nombre = 'APARTADO' and departamento = ( select id_departamento from public.departamento where nombre = 'ANTIOQUIA')),'531');
INSERT INTO public.establecimiento (id_establecimiento, nombre, regional, municipio, codigo_establecimiento) VALUES(62,'EPMSC ARAUCA',(select id_regional from public.regional where nombre = 'ORIENTE'), (select id_municipio from public.municipio where nombre = 'ARAUCA' and departamento = ( select id_departamento from public.departamento where nombre = 'ARAUCA')),'401');
INSERT INTO public.establecimiento (id_establecimiento, nombre, regional, municipio, codigo_establecimiento) VALUES(63,'EPMSC ARMENIA',(select id_regional from public.regional where nombre = 'VIEJO CALDAS'), (select id_municipio from public.municipio where nombre = 'ARMENIA' and departamento = ( select id_departamento from public.departamento where nombre = 'QUINDIO')),'613');
INSERT INTO public.establecimiento (id_establecimiento, nombre, regional, municipio, codigo_establecimiento) VALUES(64,'EPMSC BARRANCABERMEJA',(select id_regional from public.regional where nombre = 'ORIENTE'), (select id_municipio from public.municipio where nombre = 'BARRANCABERMEJA' and departamento = ( select id_departamento from public.departamento where nombre = 'SANTANDER')),'411');
INSERT INTO public.establecimiento (id_establecimiento, nombre, regional, municipio, codigo_establecimiento) VALUES(65,'EPMSC BARRANQUILLA',(select id_regional from public.regional where nombre = 'NORTE'), (select id_municipio from public.municipio where nombre = 'BARRANQUILLA' and departamento = ( select id_departamento from public.departamento where nombre = 'ATLANTICO')),'322');
INSERT INTO public.establecimiento (id_establecimiento, nombre, regional, municipio, codigo_establecimiento) VALUES(66,'EPMSC BOLIVAR-ANTIOQUIA',(select id_regional from public.regional where nombre = 'NOROESTE'), (select id_municipio from public.municipio where nombre = 'BOLIVAR' and departamento = ( select id_departamento from public.departamento where nombre = 'ANTIOQUIA')),'507');
INSERT INTO public.establecimiento (id_establecimiento, nombre, regional, municipio, codigo_establecimiento) VALUES(67,'EPMSC BOLIVAR-CAUCA',(select id_regional from public.regional where nombre = 'OCCIDENTE'), (select id_municipio from public.municipio where nombre = 'BOLIVAR' and departamento = ( select id_departamento from public.departamento where nombre = 'CAUCA')),'202');
INSERT INTO public.establecimiento (id_establecimiento, nombre, regional, municipio, codigo_establecimiento) VALUES(68,'EPMSC BUENAVENTURA',(select id_regional from public.regional where nombre = 'OCCIDENTE'), (select id_municipio from public.municipio where nombre = 'BUENAVENTURA' and departamento = ( select id_departamento from public.departamento where nombre = 'VALLE DEL CAUCA')),'228');
INSERT INTO public.establecimiento (id_establecimiento, nombre, regional, municipio, codigo_establecimiento) VALUES(69,'EPMSC BUGA',(select id_regional from public.regional where nombre = 'OCCIDENTE'), (select id_municipio from public.municipio where nombre = 'BUGA' and departamento = ( select id_departamento from public.departamento where nombre = 'VALLE DEL CAUCA')),'227');
INSERT INTO public.establecimiento (id_establecimiento, nombre, regional, municipio, codigo_establecimiento) VALUES(70,'EPMSC CAICEDONIA',(select id_regional from public.regional where nombre = 'OCCIDENTE'), (select id_municipio from public.municipio where nombre = 'CAICEDONIA' and departamento = ( select id_departamento from public.departamento where nombre = 'VALLE DEL CAUCA')),'239');
INSERT INTO public.establecimiento (id_establecimiento, nombre, regional, municipio, codigo_establecimiento) VALUES(71,'EPMSC CALARCA',(select id_regional from public.regional where nombre = 'VIEJO CALDAS'), (select id_municipio from public.municipio where nombre = 'CALARCA' and departamento = ( select id_departamento from public.departamento where nombre = 'QUINDIO')),'612');
INSERT INTO public.establecimiento (id_establecimiento, nombre, regional, municipio, codigo_establecimiento) VALUES(72,'EPMSC CALI (ERE)',(select id_regional from public.regional where nombre = 'OCCIDENTE'), (select id_municipio from public.municipio where nombre = 'SANTIAGO DE CALI' and departamento = ( select id_departamento from public.departamento where nombre = 'VALLE DEL CAUCA')),'226');
INSERT INTO public.establecimiento (id_establecimiento, nombre, regional, municipio, codigo_establecimiento) VALUES(73,'EPMSC CALOTO',(select id_regional from public.regional where nombre = 'OCCIDENTE'), (select id_municipio from public.municipio where nombre = 'CALOTO' and departamento = ( select id_departamento from public.departamento where nombre = 'CAUCA')),'203');
INSERT INTO public.establecimiento (id_establecimiento, nombre, regional, municipio, codigo_establecimiento) VALUES(74,'EPMSC CAQUEZA',(select id_regional from public.regional where nombre = 'CENTRAL'), (select id_municipio from public.municipio where nombre = 'CAQUEZA' and departamento = ( select id_departamento from public.departamento where nombre = 'CUNDINAMARCA')),'116');
INSERT INTO public.establecimiento (id_establecimiento, nombre, regional, municipio, codigo_establecimiento) VALUES(75,'EPMSC CARTAGENA',(select id_regional from public.regional where nombre = 'NORTE'), (select id_municipio from public.municipio where nombre = 'CARTAGENA' and departamento = ( select id_departamento from public.departamento where nombre = 'BOLIVAR')),'303');
INSERT INTO public.establecimiento (id_establecimiento, nombre, regional, municipio, codigo_establecimiento) VALUES(76,'EPMSC CARTAGO',(select id_regional from public.regional where nombre = 'OCCIDENTE'), (select id_municipio from public.municipio where nombre = 'CARTAGO' and departamento = ( select id_departamento from public.departamento where nombre = 'VALLE DEL CAUCA')),'238');
INSERT INTO public.establecimiento (id_establecimiento, nombre, regional, municipio, codigo_establecimiento) VALUES(77,'EPMSC CAUCASIA',(select id_regional from public.regional where nombre = 'NOROESTE'), (select id_municipio from public.municipio where nombre = 'CAUCASIA' and departamento = ( select id_departamento from public.departamento where nombre = 'ANTIOQUIA')),'508');
INSERT INTO public.establecimiento (id_establecimiento, nombre, regional, municipio, codigo_establecimiento) VALUES(78,'EPMSC CHAPARRAL',(select id_regional from public.regional where nombre = 'CENTRAL'), (select id_municipio from public.municipio where nombre = 'CHAPARRAL' and departamento = ( select id_departamento from public.departamento where nombre = 'TOLIMA')),'144');
INSERT INTO public.establecimiento (id_establecimiento, nombre, regional, municipio, codigo_establecimiento) VALUES(79,'EPMSC CIENAGA',(select id_regional from public.regional where nombre = 'NORTE'), (select id_municipio from public.municipio where nombre = 'CIENAGA' and departamento = ( select id_departamento from public.departamento where nombre = 'MAGDALENA')),'315');
INSERT INTO public.establecimiento (id_establecimiento, nombre, regional, municipio, codigo_establecimiento) VALUES(80,'EPMSC CUCUTA (ERE)',(select id_regional from public.regional where nombre = 'ORIENTE'), (select id_municipio from public.municipio where nombre = 'CUCUTA' and departamento = ( select id_departamento from public.departamento where nombre = 'NORTE DE SANTANDER')),'406');
INSERT INTO public.establecimiento (id_establecimiento, nombre, regional, municipio, codigo_establecimiento) VALUES(81,'EPMSC DUITAMA',(select id_regional from public.regional where nombre = 'CENTRAL'), (select id_municipio from public.municipio where nombre = 'DUITAMA' and departamento = ( select id_departamento from public.departamento where nombre = 'BOYACA')),'105');
INSERT INTO public.establecimiento (id_establecimiento, nombre, regional, municipio, codigo_establecimiento) VALUES(82,'EPMSC EL BANCO',(select id_regional from public.regional where nombre = 'NORTE'), (select id_municipio from public.municipio where nombre = 'EL BANCO' and departamento = ( select id_departamento from public.departamento where nombre = 'MAGDALENA')),'316');
INSERT INTO public.establecimiento (id_establecimiento, nombre, regional, municipio, codigo_establecimiento) VALUES(83,'EPMSC EL BORDO',(select id_regional from public.regional where nombre = 'OCCIDENTE'), (select id_municipio from public.municipio where nombre = 'EL BORDO' and departamento = ( select id_departamento from public.departamento where nombre = 'CAUCA')),'204');
INSERT INTO public.establecimiento (id_establecimiento, nombre, regional, municipio, codigo_establecimiento) VALUES(84,'EPMSC FACATATIVA',(select id_regional from public.regional where nombre = 'CENTRAL'), (select id_municipio from public.municipio where nombre = 'FACATATIVA' and departamento = ( select id_departamento from public.departamento where nombre = 'CUNDINAMARCA')),'118');
INSERT INTO public.establecimiento (id_establecimiento, nombre, regional, municipio, codigo_establecimiento) VALUES(85,'EPMSC FLORENCIA',(select id_regional from public.regional where nombre = 'CENTRAL'), (select id_municipio from public.municipio where nombre = 'FLORENCIA' and departamento = ( select id_departamento from public.departamento where nombre = 'CAQUETA')),'143');
INSERT INTO public.establecimiento (id_establecimiento, nombre, regional, municipio, codigo_establecimiento) VALUES(86,'EPMSC FRESNO',(select id_regional from public.regional where nombre = 'VIEJO CALDAS'), (select id_municipio from public.municipio where nombre = 'FRESNO' and departamento = ( select id_departamento from public.departamento where nombre = 'TOLIMA')),'626');
INSERT INTO public.establecimiento (id_establecimiento, nombre, regional, municipio, codigo_establecimiento) VALUES(87,'EPMSC GARZON',(select id_regional from public.regional where nombre = 'CENTRAL'), (select id_municipio from public.municipio where nombre = 'GARZON' and departamento = ( select id_departamento from public.departamento where nombre = 'HUILA')),'140');
INSERT INTO public.establecimiento (id_establecimiento, nombre, regional, municipio, codigo_establecimiento) VALUES(88,'EPMSC GIRARDOT',(select id_regional from public.regional where nombre = 'CENTRAL'), (select id_municipio from public.municipio where nombre = 'GIRARDOT' and departamento = ( select id_departamento from public.departamento where nombre = 'CUNDINAMARCA')),'138');
INSERT INTO public.establecimiento (id_establecimiento, nombre, regional, municipio, codigo_establecimiento) VALUES(89,'EPMSC GRANADA',(select id_regional from public.regional where nombre = 'CENTRAL'), (select id_municipio from public.municipio where nombre = 'GRANADA' and departamento = ( select id_departamento from public.departamento where nombre = 'META')),'133');
INSERT INTO public.establecimiento (id_establecimiento, nombre, regional, municipio, codigo_establecimiento) VALUES(90,'EPMSC GUATEQUE',(select id_regional from public.regional where nombre = 'CENTRAL'), (select id_municipio from public.municipio where nombre = 'GUATEQUE' and departamento = ( select id_departamento from public.departamento where nombre = 'BOYACA')),'107');
INSERT INTO public.establecimiento (id_establecimiento, nombre, regional, municipio, codigo_establecimiento) VALUES(91,'EPMSC HONDA',(select id_regional from public.regional where nombre = 'VIEJO CALDAS'), (select id_municipio from public.municipio where nombre = 'HONDA' and departamento = ( select id_departamento from public.departamento where nombre = 'TOLIMA')),'628');
INSERT INTO public.establecimiento (id_establecimiento, nombre, regional, municipio, codigo_establecimiento) VALUES(92,'EPMSC IBAGUE (ERE)',(select id_regional from public.regional where nombre = 'VIEJO CALDAS'), (select id_municipio from public.municipio where nombre = 'IBAGUE' and departamento = ( select id_departamento from public.departamento where nombre = 'TOLIMA')),'621');
INSERT INTO public.establecimiento (id_establecimiento, nombre, regional, municipio, codigo_establecimiento) VALUES(93,'EPMSC IPIALES',(select id_regional from public.regional where nombre = 'OCCIDENTE'), (select id_municipio from public.municipio where nombre = 'IPIALES' and departamento = ( select id_departamento from public.departamento where nombre = 'NARIÑO')),'217');
INSERT INTO public.establecimiento (id_establecimiento, nombre, regional, municipio, codigo_establecimiento) VALUES(94,'EPMSC ISTMINA',(select id_regional from public.regional where nombre = 'NOROESTE'), (select id_municipio from public.municipio where nombre = 'ISTMINA' and departamento = ( select id_departamento from public.departamento where nombre = 'CHOCO')),'533');
INSERT INTO public.establecimiento (id_establecimiento, nombre, regional, municipio, codigo_establecimiento) VALUES(95,'EPMSC LA CEJA',(select id_regional from public.regional where nombre = 'NOROESTE'), (select id_municipio from public.municipio where nombre = 'LA CEJA' and departamento = ( select id_departamento from public.departamento where nombre = 'ANTIOQUIA')),'514');
INSERT INTO public.establecimiento (id_establecimiento, nombre, regional, municipio, codigo_establecimiento) VALUES(96,'EPMSC LA PLATA',(select id_regional from public.regional where nombre = 'CENTRAL'), (select id_municipio from public.municipio where nombre = 'LA PLATA' and departamento = ( select id_departamento from public.departamento where nombre = 'HUILA')),'141');
INSERT INTO public.establecimiento (id_establecimiento, nombre, regional, municipio, codigo_establecimiento) VALUES(97,'EPMSC LA UNION',(select id_regional from public.regional where nombre = 'OCCIDENTE'), (select id_municipio from public.municipio where nombre = 'LA UNION' and departamento = ( select id_departamento from public.departamento where nombre = 'NARIÑO')),'219');
INSERT INTO public.establecimiento (id_establecimiento, nombre, regional, municipio, codigo_establecimiento) VALUES(98,'EPMSC LETICIA',(select id_regional from public.regional where nombre = 'CENTRAL'), (select id_municipio from public.municipio where nombre = 'LETICIA' and departamento = ( select id_departamento from public.departamento where nombre = 'AMAZONAS')),'101');
INSERT INTO public.establecimiento (id_establecimiento, nombre, regional, municipio, codigo_establecimiento) VALUES(99,'EPMSC LIBANO',(select id_regional from public.regional where nombre = 'VIEJO CALDAS'), (select id_municipio from public.municipio where nombre = 'LIBANO' and departamento = ( select id_departamento from public.departamento where nombre = 'TOLIMA')),'629');
INSERT INTO public.establecimiento (id_establecimiento, nombre, regional, municipio, codigo_establecimiento) VALUES(100,'EPMSC MAGANGUE',(select id_regional from public.regional where nombre = 'NORTE'), (select id_municipio from public.municipio where nombre = 'MAGANGUE' and departamento = ( select id_departamento from public.departamento where nombre = 'BOLIVAR')),'305');
INSERT INTO public.establecimiento (id_establecimiento, nombre, regional, municipio, codigo_establecimiento) VALUES(101,'EPMSC MALAGA',(select id_regional from public.regional where nombre = 'ORIENTE'), (select id_municipio from public.municipio where nombre = 'MALAGA' and departamento = ( select id_departamento from public.departamento where nombre = 'SANTANDER')),'413');
INSERT INTO public.establecimiento (id_establecimiento, nombre, regional, municipio, codigo_establecimiento) VALUES(102,'EPMSC MANIZALES',(select id_regional from public.regional where nombre = 'VIEJO CALDAS'), (select id_municipio from public.municipio where nombre = 'MANIZALES' and departamento = ( select id_departamento from public.departamento where nombre = 'CALDAS')),'601');
INSERT INTO public.establecimiento (id_establecimiento, nombre, regional, municipio, codigo_establecimiento) VALUES(103,'EPMSC MANZANARES',(select id_regional from public.regional where nombre = 'VIEJO CALDAS'), (select id_municipio from public.municipio where nombre = 'MANZANARES' and departamento = ( select id_departamento from public.departamento where nombre = 'CALDAS')),'605');
INSERT INTO public.establecimiento (id_establecimiento, nombre, regional, municipio, codigo_establecimiento) VALUES(104,'EPMSC MEDELLIN',(select id_regional from public.regional where nombre = 'NOROESTE'), (select id_municipio from public.municipio where nombre = 'MEDELLIN' and departamento = ( select id_departamento from public.departamento where nombre = 'ANTIOQUIA')),'502');
INSERT INTO public.establecimiento (id_establecimiento, nombre, regional, municipio, codigo_establecimiento) VALUES(105,'EPMSC MOCOA',(select id_regional from public.regional where nombre = 'OCCIDENTE'), (select id_municipio from public.municipio where nombre = 'MOCOA' and departamento = ( select id_departamento from public.departamento where nombre = 'PUTUMAYO')),'224');
INSERT INTO public.establecimiento (id_establecimiento, nombre, regional, municipio, codigo_establecimiento) VALUES(106,'EPMSC MONTERIA',(select id_regional from public.regional where nombre = 'NORTE'), (select id_municipio from public.municipio where nombre = 'MONTERIA' and departamento = ( select id_departamento from public.departamento where nombre = 'CORDOBA')),'308');
INSERT INTO public.establecimiento (id_establecimiento, nombre, regional, municipio, codigo_establecimiento) VALUES(107,'EPMSC NEIVA',(select id_regional from public.regional where nombre = 'CENTRAL'), (select id_municipio from public.municipio where nombre = 'NEIVA' and departamento = ( select id_departamento from public.departamento where nombre = 'HUILA')),'139');
INSERT INTO public.establecimiento (id_establecimiento, nombre, regional, municipio, codigo_establecimiento) VALUES(108,'EPMSC OCANA',(select id_regional from public.regional where nombre = 'ORIENTE'), (select id_municipio from public.municipio where nombre = 'OCAÑA' and departamento = ( select id_departamento from public.departamento where nombre = 'NORTE DE SANTANDER')),'408');
INSERT INTO public.establecimiento (id_establecimiento, nombre, regional, municipio, codigo_establecimiento) VALUES(109,'EPMSC PACORA',(select id_regional from public.regional where nombre = 'VIEJO CALDAS'), (select id_municipio from public.municipio where nombre = 'PACORA' and departamento = ( select id_departamento from public.departamento where nombre = 'CALDAS')),'607');
INSERT INTO public.establecimiento (id_establecimiento, nombre, regional, municipio, codigo_establecimiento) VALUES(110,'EPMSC PAMPLONA',(select id_regional from public.regional where nombre = 'ORIENTE'), (select id_municipio from public.municipio where nombre = 'PAMPLONA' and departamento = ( select id_departamento from public.departamento where nombre = 'NORTE DE SANTANDER')),'407');
INSERT INTO public.establecimiento (id_establecimiento, nombre, regional, municipio, codigo_establecimiento) VALUES(111,'EPMSC PENSILVANIA',(select id_regional from public.regional where nombre = 'VIEJO CALDAS'), (select id_municipio from public.municipio where nombre = 'PENSILVANIA' and departamento = ( select id_departamento from public.departamento where nombre = 'CALDAS')),'608');
INSERT INTO public.establecimiento (id_establecimiento, nombre, regional, municipio, codigo_establecimiento) VALUES(112,'EPMSC PEREIRA (ERE)',(select id_regional from public.regional where nombre = 'VIEJO CALDAS'), (select id_municipio from public.municipio where nombre = 'PEREIRA' and departamento = ( select id_departamento from public.departamento where nombre = 'RISARALDA')),'616');
INSERT INTO public.establecimiento (id_establecimiento, nombre, regional, municipio, codigo_establecimiento) VALUES(113,'EPMSC PITALITO',(select id_regional from public.regional where nombre = 'CENTRAL'), (select id_municipio from public.municipio where nombre = 'PITALITO' and departamento = ( select id_departamento from public.departamento where nombre = 'HUILA')),'142');
INSERT INTO public.establecimiento (id_establecimiento, nombre, regional, municipio, codigo_establecimiento) VALUES(114,'EPMSC PUERTO BERRIO',(select id_regional from public.regional where nombre = 'NOROESTE'), (select id_municipio from public.municipio where nombre = 'PUERTO BERRIO' and departamento = ( select id_departamento from public.departamento where nombre = 'ANTIOQUIA')),'515');
INSERT INTO public.establecimiento (id_establecimiento, nombre, regional, municipio, codigo_establecimiento) VALUES(115,'EPMSC PUERTO BOYACA',(select id_regional from public.regional where nombre = 'VIEJO CALDAS'), (select id_municipio from public.municipio where nombre = 'PUERTO BOYACA' and departamento = ( select id_departamento from public.departamento where nombre = 'BOYACA')),'633');
INSERT INTO public.establecimiento (id_establecimiento, nombre, regional, municipio, codigo_establecimiento) VALUES(116,'EPMSC PUERTO TEJADA',(select id_regional from public.regional where nombre = 'OCCIDENTE'), (select id_municipio from public.municipio where nombre = 'PUERTO TEJADA' and departamento = ( select id_departamento from public.departamento where nombre = 'CAUCA')),'206');
INSERT INTO public.establecimiento (id_establecimiento, nombre, regional, municipio, codigo_establecimiento) VALUES(117,'EPMSC QUIBDO',(select id_regional from public.regional where nombre = 'NOROESTE'), (select id_municipio from public.municipio where nombre = 'SAN FRANCISCO DE QUIBDO' and departamento = ( select id_departamento from public.departamento where nombre = 'CHOCO')),'530');
INSERT INTO public.establecimiento (id_establecimiento, nombre, regional, municipio, codigo_establecimiento) VALUES(118,'EPMSC RIOHACHA',(select id_regional from public.regional where nombre = 'NORTE'), (select id_municipio from public.municipio where nombre = 'RIOHACHA' and departamento = ( select id_departamento from public.departamento where nombre = 'LA GUAJIRA')),'313');
INSERT INTO public.establecimiento (id_establecimiento, nombre, regional, municipio, codigo_establecimiento) VALUES(119,'EPMSC RIOSUCIO',(select id_regional from public.regional where nombre = 'VIEJO CALDAS'), (select id_municipio from public.municipio where nombre = 'RIOSUCIO' and departamento = ( select id_departamento from public.departamento where nombre = 'CALDAS')),'609');
INSERT INTO public.establecimiento (id_establecimiento, nombre, regional, municipio, codigo_establecimiento) VALUES(120,'EPMSC ROLDANILLO',(select id_regional from public.regional where nombre = 'OCCIDENTE'), (select id_municipio from public.municipio where nombre = 'ROLDANILLO' and departamento = ( select id_departamento from public.departamento where nombre = 'VALLE DEL CAUCA')),'240');
INSERT INTO public.establecimiento (id_establecimiento, nombre, regional, municipio, codigo_establecimiento) VALUES(121,'EPMSC SALAMINA',(select id_regional from public.regional where nombre = 'VIEJO CALDAS'), (select id_municipio from public.municipio where nombre = 'SALAMINA' and departamento = ( select id_departamento from public.departamento where nombre = 'CALDAS')),'610');
INSERT INTO public.establecimiento (id_establecimiento, nombre, regional, municipio, codigo_establecimiento) VALUES(122,'EPMSC SAN ANDRES',(select id_regional from public.regional where nombre = 'NORTE'), (select id_municipio from public.municipio where nombre = 'SAN ANDRES Y PROVIDENCIA' and departamento = ( select id_departamento from public.departamento where nombre = 'SAN ANDRES Y PROVIDENCIA')),'318');
INSERT INTO public.establecimiento (id_establecimiento, nombre, regional, municipio, codigo_establecimiento) VALUES(123,'EPMSC SANTA BARBARA',(select id_regional from public.regional where nombre = 'NOROESTE'), (select id_municipio from public.municipio where nombre = 'SANTA BARBARA' and departamento = ( select id_departamento from public.departamento where nombre = 'ANTIOQUIA')),'517');
INSERT INTO public.establecimiento (id_establecimiento, nombre, regional, municipio, codigo_establecimiento) VALUES(124,'EPMSC SANTA MARTA',(select id_regional from public.regional where nombre = 'NORTE'), (select id_municipio from public.municipio where nombre = 'SANTA MARTA' and departamento = ( select id_departamento from public.departamento where nombre = 'MAGDALENA')),'314');
INSERT INTO public.establecimiento (id_establecimiento, nombre, regional, municipio, codigo_establecimiento) VALUES(125,'EPMSC SANTA ROSA DE CABAL',(select id_regional from public.regional where nombre = 'VIEJO CALDAS'), (select id_municipio from public.municipio where nombre = 'SANTA ROSA DE CABAL' and departamento = ( select id_departamento from public.departamento where nombre = 'RISARALDA')),'617');
INSERT INTO public.establecimiento (id_establecimiento, nombre, regional, municipio, codigo_establecimiento) VALUES(126,'EPMSC SANTA ROSA DE OSOS',(select id_regional from public.regional where nombre = 'NOROESTE'), (select id_municipio from public.municipio where nombre = 'SANTA ROSA DE OSOS' and departamento = ( select id_departamento from public.departamento where nombre = 'ANTIOQUIA')),'519');
INSERT INTO public.establecimiento (id_establecimiento, nombre, regional, municipio, codigo_establecimiento) VALUES(127,'EPMSC SANTA ROSA DE VITERBO (JYP-MUJERES)',(select id_regional from public.regional where nombre = 'CENTRAL'), (select id_municipio from public.municipio where nombre = 'SANTA ROSA DE VITERBO' and departamento = ( select id_departamento from public.departamento where nombre = 'BOYACA')),'103');
INSERT INTO public.establecimiento (id_establecimiento, nombre, regional, municipio, codigo_establecimiento) VALUES(128,'EPMSC SANTANDER DE QUILICHAO',(select id_regional from public.regional where nombre = 'OCCIDENTE'), (select id_municipio from public.municipio where nombre = 'SANTANDER DE QUILICHAO' and departamento = ( select id_departamento from public.departamento where nombre = 'CAUCA')),'207');
INSERT INTO public.establecimiento (id_establecimiento, nombre, regional, municipio, codigo_establecimiento) VALUES(129,'EPMSC SEVILLA',(select id_regional from public.regional where nombre = 'OCCIDENTE'), (select id_municipio from public.municipio where nombre = 'SEVILLA' and departamento = ( select id_departamento from public.departamento where nombre = 'VALLE DEL CAUCA')),'241');
INSERT INTO public.establecimiento (id_establecimiento, nombre, regional, municipio, codigo_establecimiento) VALUES(130,'EPMSC SILVIA',(select id_regional from public.regional where nombre = 'OCCIDENTE'), (select id_municipio from public.municipio where nombre = 'SILVIA' and departamento = ( select id_departamento from public.departamento where nombre = 'CAUCA')),'208');
INSERT INTO public.establecimiento (id_establecimiento, nombre, regional, municipio, codigo_establecimiento) VALUES(131,'EPMSC SINCELEJO',(select id_regional from public.regional where nombre = 'NORTE'), (select id_municipio from public.municipio where nombre = 'SINCELEJO' and departamento = ( select id_departamento from public.departamento where nombre = 'SUCRE')),'319');
INSERT INTO public.establecimiento (id_establecimiento, nombre, regional, municipio, codigo_establecimiento) VALUES(132,'EPMSC SOCORRO',(select id_regional from public.regional where nombre = 'ORIENTE'), (select id_municipio from public.municipio where nombre = 'SOCORRO' and departamento = ( select id_departamento from public.departamento where nombre = 'SANTANDER')),'416');
INSERT INTO public.establecimiento (id_establecimiento, nombre, regional, municipio, codigo_establecimiento) VALUES(133,'EPMSC SOGAMOSO',(select id_regional from public.regional where nombre = 'CENTRAL'), (select id_municipio from public.municipio where nombre = 'SOGAMOSO' and departamento = ( select id_departamento from public.departamento where nombre = 'BOYACA')),'112');
INSERT INTO public.establecimiento (id_establecimiento, nombre, regional, municipio, codigo_establecimiento) VALUES(134,'EPMSC SONSON',(select id_regional from public.regional where nombre = 'NOROESTE'), (select id_municipio from public.municipio where nombre = 'SONSON' and departamento = ( select id_departamento from public.departamento where nombre = 'ANTIOQUIA')),'521');
INSERT INTO public.establecimiento (id_establecimiento, nombre, regional, municipio, codigo_establecimiento) VALUES(135,'EPMSC TAMESIS',(select id_regional from public.regional where nombre = 'NOROESTE'), (select id_municipio from public.municipio where nombre = 'TAMESIS' and departamento = ( select id_departamento from public.departamento where nombre = 'ANTIOQUIA')),'523');
INSERT INTO public.establecimiento (id_establecimiento, nombre, regional, municipio, codigo_establecimiento) VALUES(136,'EPMSC TIERRAALTA',(select id_regional from public.regional where nombre = 'NORTE'), (select id_municipio from public.municipio where nombre = 'TIERRALTA' and departamento = ( select id_departamento from public.departamento where nombre = 'CORDOBA')),'324');
INSERT INTO public.establecimiento (id_establecimiento, nombre, regional, municipio, codigo_establecimiento) VALUES(137,'EPMSC TITIRIBI',(select id_regional from public.regional where nombre = 'NOROESTE'), (select id_municipio from public.municipio where nombre = 'TITIRIBI' and departamento = ( select id_departamento from public.departamento where nombre = 'ANTIOQUIA')),'524');
INSERT INTO public.establecimiento (id_establecimiento, nombre, regional, municipio, codigo_establecimiento) VALUES(138,'EPMSC TUMACO',(select id_regional from public.regional where nombre = 'OCCIDENTE'), (select id_municipio from public.municipio where nombre = 'TUMACO' and departamento = ( select id_departamento from public.departamento where nombre = 'NARIÑO')),'222');
INSERT INTO public.establecimiento (id_establecimiento, nombre, regional, municipio, codigo_establecimiento) VALUES(139,'EPMSC TUQUERRES',(select id_regional from public.regional where nombre = 'OCCIDENTE'), (select id_municipio from public.municipio where nombre = 'TUQUERRES' and departamento = ( select id_departamento from public.departamento where nombre = 'NARIÑO')),'221');
INSERT INTO public.establecimiento (id_establecimiento, nombre, regional, municipio, codigo_establecimiento) VALUES(140,'EPMSC VALLEDUPAR',(select id_regional from public.regional where nombre = 'NORTE'), (select id_municipio from public.municipio where nombre = 'VALLEDUPAR' and departamento = ( select id_departamento from public.departamento where nombre = 'CESAR')),'307');
INSERT INTO public.establecimiento (id_establecimiento, nombre, regional, municipio, codigo_establecimiento) VALUES(141,'EPMSC VELEZ',(select id_regional from public.regional where nombre = 'ORIENTE'), (select id_municipio from public.municipio where nombre = 'VELEZ' and departamento = ( select id_departamento from public.departamento where nombre = 'SANTANDER')),'418');
INSERT INTO public.establecimiento (id_establecimiento, nombre, regional, municipio, codigo_establecimiento) VALUES(142,'EPMSC VILLAVICENCIO',(select id_regional from public.regional where nombre = 'CENTRAL'), (select id_municipio from public.municipio where nombre = 'VILLAVICENCIO' and departamento = ( select id_departamento from public.departamento where nombre = 'META')),'131');
INSERT INTO public.establecimiento (id_establecimiento, nombre, regional, municipio, codigo_establecimiento) VALUES(143,'EPMSC VILLETA',(select id_regional from public.regional where nombre = 'CENTRAL'), (select id_municipio from public.municipio where nombre = 'VILLETA' and departamento = ( select id_departamento from public.departamento where nombre = 'CUNDINAMARCA')),'127');
INSERT INTO public.establecimiento (id_establecimiento, nombre, regional, municipio, codigo_establecimiento) VALUES(144,'EPMSC YARUMAL',(select id_regional from public.regional where nombre = 'NOROESTE'), (select id_municipio from public.municipio where nombre = 'YARUMAL' and departamento = ( select id_departamento from public.departamento where nombre = 'ANTIOQUIA')),'527');
INSERT INTO public.establecimiento (id_establecimiento, nombre, regional, municipio, codigo_establecimiento) VALUES(145,'EPMSC ZIPAQUIRA',(select id_regional from public.regional where nombre = 'CENTRAL'), (select id_municipio from public.municipio where nombre = 'ZIPAQUIRA' and departamento = ( select id_departamento from public.departamento where nombre = 'CUNDINAMARCA')),'128');
INSERT INTO public.establecimiento (id_establecimiento, nombre, regional, municipio, codigo_establecimiento) VALUES(146,'EPMSC-RM PASTO',(select id_regional from public.regional where nombre = 'OCCIDENTE'), (select id_municipio from public.municipio where nombre = 'PASTO' and departamento = ( select id_departamento from public.departamento where nombre = 'NARIÑO')),'215');
INSERT INTO public.establecimiento (id_establecimiento, nombre, regional, municipio, codigo_establecimiento) VALUES(147,'ERE COROZAL',(select id_regional from public.regional where nombre = 'NORTE'), (select id_municipio from public.municipio where nombre = 'COROZAL' and departamento = ( select id_departamento from public.departamento where nombre = 'SUCRE')),'320');
INSERT INTO public.establecimiento (id_establecimiento, nombre, regional, municipio, codigo_establecimiento) VALUES(148,'RM ARMENIA',(select id_regional from public.regional where nombre = 'VIEJO CALDAS'), (select id_municipio from public.municipio where nombre = 'ARMENIA' and departamento = ( select id_departamento from public.departamento where nombre = 'QUINDIO')),'615');
INSERT INTO public.establecimiento (id_establecimiento, nombre, regional, municipio, codigo_establecimiento) VALUES(149,'RM BOGOTA',(select id_regional from public.regional where nombre = 'CENTRAL'), (select id_municipio from public.municipio where nombre = 'BOGOTA D.C.' and departamento = ( select id_departamento from public.departamento where nombre = 'BOGOTA D.C.')),'129');
INSERT INTO public.establecimiento (id_establecimiento, nombre, regional, municipio, codigo_establecimiento) VALUES(150,'RM BUCARAMANGA',(select id_regional from public.regional where nombre = 'ORIENTE'), (select id_municipio from public.municipio where nombre = 'BUCARAMANGA' and departamento = ( select id_departamento from public.departamento where nombre = 'SANTANDER')),'420');
INSERT INTO public.establecimiento (id_establecimiento, nombre, regional, municipio, codigo_establecimiento) VALUES(151,'RM CALI',(select id_regional from public.regional where nombre = 'OCCIDENTE'), (select id_municipio from public.municipio where nombre = 'CALI' and departamento = ( select id_departamento from public.departamento where nombre = 'VALLE DEL CAUCA')),'234');
INSERT INTO public.establecimiento (id_establecimiento, nombre, regional, municipio, codigo_establecimiento) VALUES(152,'RM CUCUTA',(select id_regional from public.regional where nombre = 'ORIENTE'), (select id_municipio from public.municipio where nombre = 'CUCUTA' and departamento = ( select id_departamento from public.departamento where nombre = 'NORTE DE SANTANDER')),'409');
INSERT INTO public.establecimiento (id_establecimiento, nombre, regional, municipio, codigo_establecimiento) VALUES(153,'RM DE JAMUNDI',(select id_regional from public.regional where nombre = 'OCCIDENTE'), (select id_municipio from public.municipio where nombre = 'JAMUNDI' and departamento = ( select id_departamento from public.departamento where nombre = 'VALLE DEL CAUCA')),'237');
INSERT INTO public.establecimiento (id_establecimiento, nombre, regional, municipio, codigo_establecimiento) VALUES(154,'RM GUAMO',(select id_regional from public.regional where nombre = 'CENTRAL'), (select id_municipio from public.municipio where nombre = 'EL GUAMO' and departamento = ( select id_departamento from public.departamento where nombre = 'TOLIMA')),'155');
INSERT INTO public.establecimiento (id_establecimiento, nombre, regional, municipio, codigo_establecimiento) VALUES(155,'RM MANIZALES',(select id_regional from public.regional where nombre = 'VIEJO CALDAS'), (select id_municipio from public.municipio where nombre = 'MANIZALES' and departamento = ( select id_departamento from public.departamento where nombre = 'CALDAS')),'611');
INSERT INTO public.establecimiento (id_establecimiento, nombre, regional, municipio, codigo_establecimiento) VALUES(156,'RM MEDELLIN',(select id_regional from public.regional where nombre = 'NOROESTE'), (select id_municipio from public.municipio where nombre = 'MEDELLIN' and departamento = ( select id_departamento from public.departamento where nombre = 'ANTIOQUIA')),'529');
INSERT INTO public.establecimiento (id_establecimiento, nombre, regional, municipio, codigo_establecimiento) VALUES(157,'RM PEDREGAL MEDELLIN',(select id_regional from public.regional where nombre = 'NOROESTE'), (select id_municipio from public.municipio where nombre = 'MEDELLIN' and departamento = ( select id_departamento from public.departamento where nombre = 'ANTIOQUIA')),'536');
INSERT INTO public.establecimiento (id_establecimiento, nombre, regional, municipio, codigo_establecimiento) VALUES(158,'RM PEREIRA',(select id_regional from public.regional where nombre = 'VIEJO CALDAS'), (select id_municipio from public.municipio where nombre = 'PEREIRA' and departamento = ( select id_departamento from public.departamento where nombre = 'RISARALDA')),'620');
INSERT INTO public.establecimiento (id_establecimiento, nombre, regional, municipio, codigo_establecimiento) VALUES(159,'RM PICALEÑA',(select id_regional from public.regional where nombre = 'VIEJO CALDAS'), (select id_municipio from public.municipio where nombre = 'IBAGUE' and departamento = ( select id_departamento from public.departamento where nombre = 'TOLIMA')),'638');
INSERT INTO public.establecimiento (id_establecimiento, nombre, regional, municipio, codigo_establecimiento) VALUES(160,'RM POPAYAN',(select id_regional from public.regional where nombre = 'OCCIDENTE'), (select id_municipio from public.municipio where nombre = 'POPAYAN' and departamento = ( select id_departamento from public.departamento where nombre = 'CAUCA')),'209');




INSERT INTO public.nacionalidad (id_pais, pais) VALUES(1,'AFGANISTAN');
INSERT INTO public.nacionalidad (id_pais, pais) VALUES(2,'ALBANIA');
INSERT INTO public.nacionalidad (id_pais, pais) VALUES(3,'ALEMANIA');
INSERT INTO public.nacionalidad (id_pais, pais) VALUES(4,'ARGENTINA');
INSERT INTO public.nacionalidad (id_pais, pais) VALUES(5,'BRASIL');
INSERT INTO public.nacionalidad (id_pais, pais) VALUES(6,'CANADA');
INSERT INTO public.nacionalidad (id_pais, pais) VALUES(7,'CHINA');
INSERT INTO public.nacionalidad (id_pais, pais) VALUES(8,'COSTA RICA');
INSERT INTO public.nacionalidad (id_pais, pais) VALUES(9,'CUBA');
INSERT INTO public.nacionalidad (id_pais, pais) VALUES(10,'ECUADOR');
INSERT INTO public.nacionalidad (id_pais, pais) VALUES(11,'ESPAÑA');
INSERT INTO public.nacionalidad (id_pais, pais) VALUES(12,'ESTADOS UNIDOS DE AMERICA');
INSERT INTO public.nacionalidad (id_pais, pais) VALUES(13,'FRANCIA');
INSERT INTO public.nacionalidad (id_pais, pais) VALUES(14,'GUATEMALA');
INSERT INTO public.nacionalidad (id_pais, pais) VALUES(15,'HOLANDA');
INSERT INTO public.nacionalidad (id_pais, pais) VALUES(16,'ITALIA');
INSERT INTO public.nacionalidad (id_pais, pais) VALUES(17,'LITUANIA');
INSERT INTO public.nacionalidad (id_pais, pais) VALUES(18,'MEXICO');
INSERT INTO public.nacionalidad (id_pais, pais) VALUES(19,'PANAMA');
INSERT INTO public.nacionalidad (id_pais, pais) VALUES(20,'PERU');
INSERT INTO public.nacionalidad (id_pais, pais) VALUES(21,'POLONIA');
INSERT INTO public.nacionalidad (id_pais, pais) VALUES(22,'REPUBLICA DE COLOMBIA');
INSERT INTO public.nacionalidad (id_pais, pais) VALUES(23,'REPUBLICA DOMINICANA');
INSERT INTO public.nacionalidad (id_pais, pais) VALUES(24,'URUGUAY');
INSERT INTO public.nacionalidad (id_pais, pais) VALUES(25,'VENEZUELA');





INSERT INTO public.nivel_educativo (id_nivel_educativo, nombre) VALUES(1,'ANALFABETA');
INSERT INTO public.nivel_educativo (id_nivel_educativo, nombre) VALUES(2,'CICLO I');
INSERT INTO public.nivel_educativo (id_nivel_educativo, nombre) VALUES(3,'CICLO II');
INSERT INTO public.nivel_educativo (id_nivel_educativo, nombre) VALUES(4,'CICLO III');
INSERT INTO public.nivel_educativo (id_nivel_educativo, nombre) VALUES(5,'CICLO IV');
INSERT INTO public.nivel_educativo (id_nivel_educativo, nombre) VALUES(6,'ESPECIALIZACION');
INSERT INTO public.nivel_educativo (id_nivel_educativo, nombre) VALUES(7,'MAGISTER');
INSERT INTO public.nivel_educativo (id_nivel_educativo, nombre) VALUES(8,'POST GRADO');
INSERT INTO public.nivel_educativo (id_nivel_educativo, nombre) VALUES(9,'PROFESIONAL');
INSERT INTO public.nivel_educativo (id_nivel_educativo, nombre) VALUES(10,'TECNICO');
INSERT INTO public.nivel_educativo (id_nivel_educativo, nombre) VALUES(11,'TECNICO PROFESIONAL');
INSERT INTO public.nivel_educativo (id_nivel_educativo, nombre) VALUES(12,'TECNOLOGICO');




INSERT INTO public.si_no (id_si_no, codigo, nombre) VALUES(1,'N', 'No');
INSERT INTO public.si_no (id_si_no, codigo, nombre) VALUES(2,'S', 'Si');


INSERT INTO public.situacion_juridica (id_situacion_juridica, nombre) VALUES(1,'CO');

INSERT INTO public.estado (id_estado, nombre) VALUES(1, 'Activo');
INSERT INTO public.estado (id_estado, nombre) VALUES(2, 'Baja');


INSERT INTO public.estado_ingreso (id_estado_ingreso, nombre) VALUES(1, 'Control Electronico');
INSERT INTO public.estado_ingreso (id_estado_ingreso, nombre) VALUES(2, 'Detencion Domiciliaria');
INSERT INTO public.estado_ingreso (id_estado_ingreso, nombre) VALUES(3, 'Espera Traslado');
INSERT INTO public.estado_ingreso (id_estado_ingreso, nombre) VALUES(4, 'Intramuros');
INSERT INTO public.estado_ingreso (id_estado_ingreso, nombre) VALUES(5, 'Prision Domiciliaria');
INSERT INTO public.estado_ingreso (id_estado_ingreso, nombre) VALUES(6, 'Vigilancia Electronica');




INSERT INTO public.estado_civil (id_estado_civil, nombre) VALUES(1,'CASADO(A)');
INSERT INTO public.estado_civil (id_estado_civil, nombre) VALUES(2,'DIVORCIADO(A)');
INSERT INTO public.estado_civil (id_estado_civil, nombre) VALUES(3,'PENDIENTE POR ');
INSERT INTO public.estado_civil (id_estado_civil, nombre) VALUES(4,'RELIGIOSO(A)');
INSERT INTO public.estado_civil (id_estado_civil, nombre) VALUES(5,'SEPARADO(A)');
INSERT INTO public.estado_civil (id_estado_civil, nombre) VALUES(6,'SOLTERO(A)');
INSERT INTO public.estado_civil (id_estado_civil, nombre) VALUES(7,'UNION LIBRE');
INSERT INTO public.estado_civil (id_estado_civil, nombre) VALUES(8,'VIUDO(A)');


INSERT INTO public.genero (id_genero, nombre) VALUES(1, 'FEMENINO');
INSERT INTO public.genero (id_genero, nombre) VALUES(2, 'MASCULINO');


